2025.10.08 11:58:35 INFO  Started: Metals version 1.6.2 in folders 'C:\Users\Niklas\Studium\Semester8\Web\minesweeper-web' for client Visual Studio Code 1.104.3.
2025.10.08 11:58:35 ERROR Unexpected error initializing server: 
org.eclipse.lsp4j.jsonrpc.ResponseErrorException: Unhandled method workspace/configuration
	at org.eclipse.lsp4j.jsonrpc.RemoteEndpoint.handleResponse(RemoteEndpoint.java:220)
	at org.eclipse.lsp4j.jsonrpc.RemoteEndpoint.consume(RemoteEndpoint.java:204)
	at org.eclipse.lsp4j.jsonrpc.json.StreamMessageProducer.handleMessage(StreamMessageProducer.java:185)
	at org.eclipse.lsp4j.jsonrpc.json.StreamMessageProducer.listen(StreamMessageProducer.java:97)
	at org.eclipse.lsp4j.jsonrpc.json.ConcurrentMessageProcessor.run(ConcurrentMessageProcessor.java:114)
	at java.util.concurrent.Executors$RunnableAdapter.call(Executors.java:539)
	at java.util.concurrent.FutureTask.run(FutureTask.java:264)
	at java.util.concurrent.ThreadPoolExecutor.runWorker(ThreadPoolExecutor.java:1136)
	at java.util.concurrent.ThreadPoolExecutor$Worker.run(ThreadPoolExecutor.java:635)
	at java.lang.Thread.run(Thread.java:833)

2025.10.08 11:58:36 INFO  no build target found for C:\Users\Niklas\Studium\Semester8\Web\minesweeper-web\app\controllers\HomeController.scala. Using presentation compiler with project's scala-library version: 3.3.6
2025.10.08 11:58:38 INFO  no build target found for C:\Users\Niklas\Studium\Semester8\Web\minesweeper-web\app\controllers\HomeController.scala. Using presentation compiler with project's scala-library version: 3.3.6
2025.10.08 12:00:43 INFO  no build target found for C:\Users\Niklas\Studium\Semester8\Web\minesweeper-web\app\controllers\HomeController.scala. Using presentation compiler with project's scala-library version: 3.3.6
2025.10.08 12:00:53 INFO  no build target found for C:\Users\Niklas\Studium\Semester8\Web\minesweeper-web\app\controllers\HomeController.scala. Using presentation compiler with project's scala-library version: 3.3.6
2025.10.08 12:00:53 INFO  no build target found for C:\Users\Niklas\Studium\Semester8\Web\minesweeper-web\app\controllers\HomeController.scala. Using presentation compiler with project's scala-library version: 3.3.6
2025.10.08 16:55:02 INFO  no build target found for C:\Users\Niklas\Studium\Semester8\Web\minesweeper-web\app\controllers\HomeController.scala. Using presentation compiler with project's scala-library version: 3.3.6
Okt. 08, 2025 8:11:25 PM org.eclipse.lsp4j.jsonrpc.services.GenericEndpoint notify
INFO: Unsupported notification method: $/setTrace
Okt. 08, 2025 8:11:26 PM org.eclipse.lsp4j.jsonrpc.services.GenericEndpoint notify
INFO: Unsupported notification method: $/setTrace
2025.10.08 20:12:30 INFO  Shutting down server
2025.10.08 20:12:30 INFO  shutting down Metals
2025.10.08 20:12:30 INFO  Exiting server
2025.10.15 09:59:21 INFO  Started: Metals version 1.6.2 in folders 'C:\Users\Niklas\Studium\Semester8\Web\minesweeper-web' for client Visual Studio Code 1.105.0.
2025.10.15 10:05:02 INFO  no build target found for C:\Users\Niklas\Studium\Semester8\Web\minesweeper-web\app\controllers\HomeController.scala. Using presentation compiler with project's scala-library version: 3.3.6
2025.10.15 10:05:05 INFO  no build target found for C:\Users\Niklas\Studium\Semester8\Web\minesweeper-web\app\controllers\HomeController.scala. Using presentation compiler with project's scala-library version: 3.3.6
Okt. 15, 2025 10:05:05 AM org.eclipse.lsp4j.jsonrpc.RemoteEndpoint handleCancellation
WARNING: Unmatched cancel notification for request id 4
Okt. 15, 2025 10:05:05 AM org.eclipse.lsp4j.jsonrpc.RemoteEndpoint handleCancellation
WARNING: Unmatched cancel notification for request id 1
2025.10.15 10:05:05 INFO  no build target found for C:\Users\Niklas\Studium\Semester8\Web\minesweeper-web\app\controllers\HomeController.scala. Using presentation compiler with project's scala-library version: 3.3.6
Okt. 15, 2025 10:05:05 AM org.eclipse.lsp4j.jsonrpc.RemoteEndpoint handleCancellation
WARNING: Unmatched cancel notification for request id 6
2025.10.15 10:05:05 INFO  no build target found for C:\Users\Niklas\Studium\Semester8\Web\minesweeper-web\app\controllers\HomeController.scala. Using presentation compiler with project's scala-library version: 3.3.6
2025.10.15 10:05:05 INFO  no build target found for C:\Users\Niklas\Studium\Semester8\Web\minesweeper-web\app\controllers\HomeController.scala. Using presentation compiler with project's scala-library version: 3.3.6
2025.10.15 10:05:05 INFO  no build target found for C:\Users\Niklas\Studium\Semester8\Web\minesweeper-web\app\controllers\HomeController.scala. Using presentation compiler with project's scala-library version: 3.3.6
2025.10.15 10:05:08 INFO  no build target found for C:\Users\Niklas\Studium\Semester8\Web\minesweeper-web\app\controllers\HomeController.scala. Using presentation compiler with project's scala-library version: 3.3.6
2025.10.15 10:05:08 INFO  no build target found for C:\Users\Niklas\Studium\Semester8\Web\minesweeper-web\app\controllers\HomeController.scala. Using presentation compiler with project's scala-library version: 3.3.6
2025.10.15 10:05:09 INFO  no build target found for C:\Users\Niklas\Studium\Semester8\Web\minesweeper-web\app\controllers\HomeController.scala. Using presentation compiler with project's scala-library version: 3.3.6
2025.10.15 10:05:54 INFO  no build target found for C:\Users\Niklas\Studium\Semester8\Web\minesweeper-web\app\controllers\HomeController.scala. Using presentation compiler with project's scala-library version: 3.3.6
2025.10.15 10:05:54 INFO  no build target found for C:\Users\Niklas\Studium\Semester8\Web\minesweeper-web\app\controllers\HomeController.scala. Using presentation compiler with project's scala-library version: 3.3.6
2025.10.15 10:05:55 INFO  no build target found for C:\Users\Niklas\Studium\Semester8\Web\minesweeper-web\app\controllers\HomeController.scala. Using presentation compiler with project's scala-library version: 3.3.6
2025.10.15 10:05:55 INFO  no build target found for C:\Users\Niklas\Studium\Semester8\Web\minesweeper-web\app\controllers\HomeController.scala. Using presentation compiler with project's scala-library version: 3.3.6
2025.10.15 10:05:57 INFO  no build target found for C:\Users\Niklas\Studium\Semester8\Web\minesweeper-web\app\controllers\HomeController.scala. Using presentation compiler with project's scala-library version: 3.3.6
2025.10.15 10:06:18 INFO  no build target found for C:\Users\Niklas\Studium\Semester8\Web\minesweeper-web\app\controllers\HomeController.scala. Using presentation compiler with project's scala-library version: 3.3.6
2025.10.15 10:06:21 INFO  no build target found for C:\Users\Niklas\Studium\Semester8\Web\minesweeper-web\app\controllers\HomeController.scala. Using presentation compiler with project's scala-library version: 3.3.6
2025.10.15 10:06:21 INFO  no build target found for C:\Users\Niklas\Studium\Semester8\Web\minesweeper-web\app\controllers\HomeController.scala. Using presentation compiler with project's scala-library version: 3.3.6
2025.10.15 10:06:21 INFO  no build target found for C:\Users\Niklas\Studium\Semester8\Web\minesweeper-web\app\controllers\HomeController.scala. Using presentation compiler with project's scala-library version: 3.3.6
2025.10.15 10:06:22 INFO  no build target found for C:\Users\Niklas\Studium\Semester8\Web\minesweeper-web\app\controllers\HomeController.scala. Using presentation compiler with project's scala-library version: 3.3.6
2025.10.15 10:06:23 INFO  no build target found for C:\Users\Niklas\Studium\Semester8\Web\minesweeper-web\app\controllers\HomeController.scala. Using presentation compiler with project's scala-library version: 3.3.6
2025.10.15 10:06:43 INFO  no build target found for C:\Users\Niklas\Studium\Semester8\Web\minesweeper-web\app\controllers\HomeController.scala. Using presentation compiler with project's scala-library version: 3.3.6
2025.10.15 10:06:45 INFO  no build target found for C:\Users\Niklas\Studium\Semester8\Web\minesweeper-web\app\controllers\HomeController.scala. Using presentation compiler with project's scala-library version: 3.3.6
2025.10.15 10:07:01 INFO  no build target found for C:\Users\Niklas\Studium\Semester8\Web\minesweeper-web\app\controllers\HomeController.scala. Using presentation compiler with project's scala-library version: 3.3.6
2025.10.15 10:07:07 INFO  no build target found for C:\Users\Niklas\Studium\Semester8\Web\minesweeper-web\app\controllers\HomeController.scala. Using presentation compiler with project's scala-library version: 3.3.6
2025.10.15 10:07:09 INFO  no build target found for C:\Users\Niklas\Studium\Semester8\Web\minesweeper-web\app\controllers\HomeController.scala. Using presentation compiler with project's scala-library version: 3.3.6
2025.10.15 10:07:09 INFO  no build target found for C:\Users\Niklas\Studium\Semester8\Web\minesweeper-web\app\controllers\HomeController.scala. Using presentation compiler with project's scala-library version: 3.3.6
2025.10.15 10:07:09 INFO  no build target found for C:\Users\Niklas\Studium\Semester8\Web\minesweeper-web\app\controllers\HomeController.scala. Using presentation compiler with project's scala-library version: 3.3.6
2025.10.15 10:07:09 INFO  no build target found for C:\Users\Niklas\Studium\Semester8\Web\minesweeper-web\app\controllers\HomeController.scala. Using presentation compiler with project's scala-library version: 3.3.6
2025.10.15 10:07:09 INFO  no build target found for C:\Users\Niklas\Studium\Semester8\Web\minesweeper-web\app\controllers\HomeController.scala. Using presentation compiler with project's scala-library version: 3.3.6
2025.10.15 10:07:10 INFO  no build target found for C:\Users\Niklas\Studium\Semester8\Web\minesweeper-web\app\controllers\HomeController.scala. Using presentation compiler with project's scala-library version: 3.3.6
2025.10.15 10:07:10 INFO  no build target found for C:\Users\Niklas\Studium\Semester8\Web\minesweeper-web\app\controllers\HomeController.scala. Using presentation compiler with project's scala-library version: 3.3.6
2025.10.15 10:07:10 INFO  no build target found for C:\Users\Niklas\Studium\Semester8\Web\minesweeper-web\app\controllers\HomeController.scala. Using presentation compiler with project's scala-library version: 3.3.6
2025.10.15 10:07:10 INFO  no build target found for C:\Users\Niklas\Studium\Semester8\Web\minesweeper-web\app\controllers\HomeController.scala. Using presentation compiler with project's scala-library version: 3.3.6
2025.10.15 10:07:10 INFO  no build target found for C:\Users\Niklas\Studium\Semester8\Web\minesweeper-web\app\controllers\HomeController.scala. Using presentation compiler with project's scala-library version: 3.3.6
2025.10.15 10:07:10 INFO  no build target found for C:\Users\Niklas\Studium\Semester8\Web\minesweeper-web\app\controllers\HomeController.scala. Using presentation compiler with project's scala-library version: 3.3.6
2025.10.15 10:07:11 INFO  no build target found for C:\Users\Niklas\Studium\Semester8\Web\minesweeper-web\app\controllers\HomeController.scala. Using presentation compiler with project's scala-library version: 3.3.6
2025.10.15 10:07:11 INFO  no build target found for C:\Users\Niklas\Studium\Semester8\Web\minesweeper-web\app\controllers\HomeController.scala. Using presentation compiler with project's scala-library version: 3.3.6
2025.10.15 10:07:11 INFO  no build target found for C:\Users\Niklas\Studium\Semester8\Web\minesweeper-web\app\controllers\HomeController.scala. Using presentation compiler with project's scala-library version: 3.3.6
2025.10.15 10:07:11 INFO  no build target found for C:\Users\Niklas\Studium\Semester8\Web\minesweeper-web\app\controllers\HomeController.scala. Using presentation compiler with project's scala-library version: 3.3.6
2025.10.15 10:07:11 INFO  no build target found for C:\Users\Niklas\Studium\Semester8\Web\minesweeper-web\app\controllers\HomeController.scala. Using presentation compiler with project's scala-library version: 3.3.6
2025.10.15 10:07:11 INFO  no build target found for C:\Users\Niklas\Studium\Semester8\Web\minesweeper-web\app\controllers\HomeController.scala. Using presentation compiler with project's scala-library version: 3.3.6
2025.10.15 10:07:12 INFO  no build target found for C:\Users\Niklas\Studium\Semester8\Web\minesweeper-web\app\controllers\HomeController.scala. Using presentation compiler with project's scala-library version: 3.3.6
2025.10.15 10:07:12 INFO  no build target found for C:\Users\Niklas\Studium\Semester8\Web\minesweeper-web\app\controllers\HomeController.scala. Using presentation compiler with project's scala-library version: 3.3.6
2025.10.15 10:07:12 INFO  no build target found for C:\Users\Niklas\Studium\Semester8\Web\minesweeper-web\app\controllers\HomeController.scala. Using presentation compiler with project's scala-library version: 3.3.6
2025.10.15 10:07:12 INFO  no build target found for C:\Users\Niklas\Studium\Semester8\Web\minesweeper-web\app\controllers\HomeController.scala. Using presentation compiler with project's scala-library version: 3.3.6
2025.10.15 10:07:12 INFO  no build target found for C:\Users\Niklas\Studium\Semester8\Web\minesweeper-web\app\controllers\HomeController.scala. Using presentation compiler with project's scala-library version: 3.3.6
2025.10.15 10:07:12 INFO  no build target found for C:\Users\Niklas\Studium\Semester8\Web\minesweeper-web\app\controllers\HomeController.scala. Using presentation compiler with project's scala-library version: 3.3.6
2025.10.15 10:07:12 INFO  no build target found for C:\Users\Niklas\Studium\Semester8\Web\minesweeper-web\app\controllers\HomeController.scala. Using presentation compiler with project's scala-library version: 3.3.6
2025.10.15 10:07:13 INFO  no build target found for C:\Users\Niklas\Studium\Semester8\Web\minesweeper-web\app\controllers\HomeController.scala. Using presentation compiler with project's scala-library version: 3.3.6
2025.10.15 10:07:13 INFO  no build target found for C:\Users\Niklas\Studium\Semester8\Web\minesweeper-web\app\controllers\HomeController.scala. Using presentation compiler with project's scala-library version: 3.3.6
2025.10.15 10:07:13 INFO  no build target found for C:\Users\Niklas\Studium\Semester8\Web\minesweeper-web\app\controllers\HomeController.scala. Using presentation compiler with project's scala-library version: 3.3.6
2025.10.15 10:07:13 INFO  no build target found for C:\Users\Niklas\Studium\Semester8\Web\minesweeper-web\app\controllers\HomeController.scala. Using presentation compiler with project's scala-library version: 3.3.6
2025.10.15 10:07:13 INFO  no build target found for C:\Users\Niklas\Studium\Semester8\Web\minesweeper-web\app\controllers\HomeController.scala. Using presentation compiler with project's scala-library version: 3.3.6
2025.10.15 10:07:14 INFO  no build target found for C:\Users\Niklas\Studium\Semester8\Web\minesweeper-web\app\controllers\HomeController.scala. Using presentation compiler with project's scala-library version: 3.3.6
2025.10.15 10:07:13 INFO  no build target found for C:\Users\Niklas\Studium\Semester8\Web\minesweeper-web\app\controllers\HomeController.scala. Using presentation compiler with project's scala-library version: 3.3.6
2025.10.15 10:07:15 INFO  no build target found for C:\Users\Niklas\Studium\Semester8\Web\minesweeper-web\app\controllers\HomeController.scala. Using presentation compiler with project's scala-library version: 3.3.6
Okt. 15, 2025 10:07:15 AM org.eclipse.lsp4j.jsonrpc.RemoteEndpoint handleCancellation
WARNING: Unmatched cancel notification for request id 139
2025.10.15 10:07:15 INFO  no build target found for C:\Users\Niklas\Studium\Semester8\Web\minesweeper-web\app\controllers\HomeController.scala. Using presentation compiler with project's scala-library version: 3.3.6
2025.10.15 10:07:14 INFO  no build target found for C:\Users\Niklas\Studium\Semester8\Web\minesweeper-web\app\controllers\HomeController.scala. Using presentation compiler with project's scala-library version: 3.3.6
2025.10.15 10:07:15 INFO  no build target found for C:\Users\Niklas\Studium\Semester8\Web\minesweeper-web\app\controllers\HomeController.scala. Using presentation compiler with project's scala-library version: 3.3.6
2025.10.15 10:07:15 INFO  no build target found for C:\Users\Niklas\Studium\Semester8\Web\minesweeper-web\app\controllers\HomeController.scala. Using presentation compiler with project's scala-library version: 3.3.6
2025.10.15 10:07:15 INFO  no build target found for C:\Users\Niklas\Studium\Semester8\Web\minesweeper-web\app\controllers\HomeController.scala. Using presentation compiler with project's scala-library version: 3.3.6
2025.10.15 10:07:15 INFO  no build target found for C:\Users\Niklas\Studium\Semester8\Web\minesweeper-web\app\controllers\HomeController.scala. Using presentation compiler with project's scala-library version: 3.3.6
2025.10.15 10:07:15 INFO  no build target found for C:\Users\Niklas\Studium\Semester8\Web\minesweeper-web\app\controllers\HomeController.scala. Using presentation compiler with project's scala-library version: 3.3.6
2025.10.15 10:07:15 INFO  no build target found for C:\Users\Niklas\Studium\Semester8\Web\minesweeper-web\app\controllers\HomeController.scala. Using presentation compiler with project's scala-library version: 3.3.6
2025.10.15 10:07:16 INFO  no build target found for C:\Users\Niklas\Studium\Semester8\Web\minesweeper-web\app\controllers\HomeController.scala. Using presentation compiler with project's scala-library version: 3.3.6
2025.10.15 10:07:16 INFO  no build target found for C:\Users\Niklas\Studium\Semester8\Web\minesweeper-web\app\controllers\HomeController.scala. Using presentation compiler with project's scala-library version: 3.3.6
2025.10.15 10:07:16 INFO  no build target found for C:\Users\Niklas\Studium\Semester8\Web\minesweeper-web\app\controllers\HomeController.scala. Using presentation compiler with project's scala-library version: 3.3.6
2025.10.15 10:07:16 INFO  no build target found for C:\Users\Niklas\Studium\Semester8\Web\minesweeper-web\app\controllers\HomeController.scala. Using presentation compiler with project's scala-library version: 3.3.6
2025.10.15 10:07:16 INFO  no build target found for C:\Users\Niklas\Studium\Semester8\Web\minesweeper-web\app\controllers\HomeController.scala. Using presentation compiler with project's scala-library version: 3.3.6
2025.10.15 10:13:47 INFO  no build target found for C:\Users\Niklas\Studium\Semester8\Web\minesweeper-web\app\controllers\HomeController.scala. Using presentation compiler with project's scala-library version: 3.3.6
2025.10.15 10:13:49 INFO  no build target found for C:\Users\Niklas\Studium\Semester8\Web\minesweeper-web\app\controllers\HomeController.scala. Using presentation compiler with project's scala-library version: 3.3.6
2025.10.15 10:13:49 INFO  no build target found for C:\Users\Niklas\Studium\Semester8\Web\minesweeper-web\app\controllers\HomeController.scala. Using presentation compiler with project's scala-library version: 3.3.6
2025.10.15 10:13:51 INFO  no build target found for C:\Users\Niklas\Studium\Semester8\Web\minesweeper-web\app\controllers\HomeController.scala. Using presentation compiler with project's scala-library version: 3.3.6
2025.10.15 10:13:52 INFO  no build target found for C:\Users\Niklas\Studium\Semester8\Web\minesweeper-web\app\controllers\HomeController.scala. Using presentation compiler with project's scala-library version: 3.3.6
2025.10.15 10:13:52 INFO  no build target found for C:\Users\Niklas\Studium\Semester8\Web\minesweeper-web\app\controllers\HomeController.scala. Using presentation compiler with project's scala-library version: 3.3.6
2025.10.15 10:13:52 INFO  no build target found for C:\Users\Niklas\Studium\Semester8\Web\minesweeper-web\app\controllers\HomeController.scala. Using presentation compiler with project's scala-library version: 3.3.6
2025.10.15 10:13:52 INFO  no build target found for C:\Users\Niklas\Studium\Semester8\Web\minesweeper-web\app\controllers\HomeController.scala. Using presentation compiler with project's scala-library version: 3.3.6
2025.10.15 10:13:52 INFO  no build target found for C:\Users\Niklas\Studium\Semester8\Web\minesweeper-web\app\controllers\HomeController.scala. Using presentation compiler with project's scala-library version: 3.3.6
2025.10.15 10:13:54 INFO  no build target found for C:\Users\Niklas\Studium\Semester8\Web\minesweeper-web\app\controllers\HomeController.scala. Using presentation compiler with project's scala-library version: 3.3.6
2025.10.15 10:13:55 INFO  no build target found for C:\Users\Niklas\Studium\Semester8\Web\minesweeper-web\app\controllers\HomeController.scala. Using presentation compiler with project's scala-library version: 3.3.6
2025.10.15 10:13:55 WARN  no build target for: C:\Users\Niklas\Studium\Semester8\Web\minesweeper-web\app\controllers\HomeController.scala
2025.10.15 10:13:55 INFO  no build target found for C:\Users\Niklas\Studium\Semester8\Web\minesweeper-web\app\controllers\HomeController.scala. Using presentation compiler with project's scala-library version: 3.3.6
2025.10.15 10:18:37 INFO  no build target found for C:\Users\Niklas\Studium\Semester8\Web\minesweeper-web\build.sbt. Using presentation compiler with project's scala-library version: 3.3.6
2025.10.15 10:18:37 INFO  no build target found for C:\Users\Niklas\Studium\Semester8\Web\minesweeper-web\build.sbt. Using presentation compiler with project's scala-library version: 3.3.6
2025.10.15 10:19:07 INFO  no build target found for C:\Users\Niklas\Studium\Semester8\Web\minesweeper-web\build.sbt. Using presentation compiler with project's scala-library version: 3.3.6
2025.10.15 10:19:07 INFO  no build target found for C:\Users\Niklas\Studium\Semester8\Web\minesweeper-web\build.sbt. Using presentation compiler with project's scala-library version: 3.3.6
2025.10.15 10:19:14 INFO  no build target found for C:\Users\Niklas\Studium\Semester8\Web\minesweeper-web\build.sbt. Using presentation compiler with project's scala-library version: 3.3.6
2025.10.15 10:19:14 INFO  no build target found for C:\Users\Niklas\Studium\Semester8\Web\minesweeper-web\build.sbt. Using presentation compiler with project's scala-library version: 3.3.6
2025.10.15 10:19:15 INFO  no build target found for C:\Users\Niklas\Studium\Semester8\Web\minesweeper-web\build.sbt. Using presentation compiler with project's scala-library version: 3.3.6
2025.10.15 10:19:15 INFO  no build target found for C:\Users\Niklas\Studium\Semester8\Web\minesweeper-web\build.sbt. Using presentation compiler with project's scala-library version: 3.3.6
2025.10.15 10:19:15 INFO  no build target found for C:\Users\Niklas\Studium\Semester8\Web\minesweeper-web\build.sbt. Using presentation compiler with project's scala-library version: 3.3.6
2025.10.15 10:19:15 INFO  no build target found for C:\Users\Niklas\Studium\Semester8\Web\minesweeper-web\build.sbt. Using presentation compiler with project's scala-library version: 3.3.6
2025.10.15 10:19:15 INFO  no build target found for C:\Users\Niklas\Studium\Semester8\Web\minesweeper-web\build.sbt. Using presentation compiler with project's scala-library version: 3.3.6
2025.10.15 10:20:40 INFO  no build target found for C:\Users\Niklas\Studium\Semester8\Web\minesweeper-web\build.sbt. Using presentation compiler with project's scala-library version: 3.3.6
2025.10.15 10:20:40 INFO  no build target found for C:\Users\Niklas\Studium\Semester8\Web\minesweeper-web\build.sbt. Using presentation compiler with project's scala-library version: 3.3.6
2025.10.15 10:20:42 INFO  no build target found for C:\Users\Niklas\Studium\Semester8\Web\minesweeper-web\build.sbt. Using presentation compiler with project's scala-library version: 3.3.6
2025.10.15 10:20:42 INFO  no build target found for C:\Users\Niklas\Studium\Semester8\Web\minesweeper-web\build.sbt. Using presentation compiler with project's scala-library version: 3.3.6
2025.10.15 10:20:42 INFO  no build target found for C:\Users\Niklas\Studium\Semester8\Web\minesweeper-web\build.sbt. Using presentation compiler with project's scala-library version: 3.3.6
2025.10.15 10:20:42 INFO  no build target found for C:\Users\Niklas\Studium\Semester8\Web\minesweeper-web\build.sbt. Using presentation compiler with project's scala-library version: 3.3.6
2025.10.15 10:20:42 INFO  no build target found for C:\Users\Niklas\Studium\Semester8\Web\minesweeper-web\build.sbt. Using presentation compiler with project's scala-library version: 3.3.6
2025.10.15 10:20:43 WARN  no build target for: C:\Users\Niklas\Studium\Semester8\Web\minesweeper-web\build.sbt
2025.10.15 10:20:43 INFO  no build target found for C:\Users\Niklas\Studium\Semester8\Web\minesweeper-web\build.sbt. Using presentation compiler with project's scala-library version: 3.3.6
2025.10.15 10:22:22 INFO  no build target found for C:\Users\Niklas\Studium\Semester8\Web\minesweeper-web\build.sc. Using presentation compiler with project's scala-library version: 3.3.6
2025.10.15 10:22:23 INFO  no build target found for C:\Users\Niklas\Studium\Semester8\Web\minesweeper-web\build.sc. Using presentation compiler with project's scala-library version: 3.3.6
2025.10.15 10:22:28 INFO  no build target found for C:\Users\Niklas\Studium\Semester8\Web\minesweeper-web\build.sc. Using presentation compiler with project's scala-library version: 3.3.6
2025.10.15 10:22:28 INFO  no build target found for C:\Users\Niklas\Studium\Semester8\Web\minesweeper-web\build.sc. Using presentation compiler with project's scala-library version: 3.3.6
2025.10.15 10:22:39 WARN  no build target for: C:\Users\Niklas\Studium\Semester8\Web\minesweeper-web\build.sbt
2025.10.15 10:22:39 INFO  no build target found for C:\Users\Niklas\Studium\Semester8\Web\minesweeper-web\build.sbt. Using presentation compiler with project's scala-library version: 3.3.6
2025.10.15 10:22:39 INFO  no build target found for C:\Users\Niklas\Studium\Semester8\Web\minesweeper-web\build.sbt. Using presentation compiler with project's scala-library version: 3.3.6
2025.10.15 10:22:39 INFO  no build target found for C:\Users\Niklas\Studium\Semester8\Web\minesweeper-web\build.sbt. Using presentation compiler with project's scala-library version: 3.3.6
2025.10.15 10:22:39 INFO  no build target found for C:\Users\Niklas\Studium\Semester8\Web\minesweeper-web\build.sbt. Using presentation compiler with project's scala-library version: 3.3.6
2025.10.15 10:22:39 INFO  no build target found for C:\Users\Niklas\Studium\Semester8\Web\minesweeper-web\build.sbt. Using presentation compiler with project's scala-library version: 3.3.6
2025.10.15 10:22:40 INFO  no build target found for C:\Users\Niklas\Studium\Semester8\Web\minesweeper-web\build.sbt. Using presentation compiler with project's scala-library version: 3.3.6
2025.10.15 10:22:40 INFO  no build target found for C:\Users\Niklas\Studium\Semester8\Web\minesweeper-web\build.sbt. Using presentation compiler with project's scala-library version: 3.3.6
2025.10.15 10:22:40 INFO  no build target found for C:\Users\Niklas\Studium\Semester8\Web\minesweeper-web\build.sbt. Using presentation compiler with project's scala-library version: 3.3.6
2025.10.15 10:22:41 INFO  no build target found for C:\Users\Niklas\Studium\Semester8\Web\minesweeper-web\build.sbt. Using presentation compiler with project's scala-library version: 3.3.6
2025.10.15 10:22:42 WARN  no build target for: C:\Users\Niklas\Studium\Semester8\Web\minesweeper-web\build.sbt
2025.10.15 10:22:42 INFO  no build target found for C:\Users\Niklas\Studium\Semester8\Web\minesweeper-web\build.sbt. Using presentation compiler with project's scala-library version: 3.3.6
2025.10.15 10:22:42 INFO  no build target found for C:\Users\Niklas\Studium\Semester8\Web\minesweeper-web\build.sbt. Using presentation compiler with project's scala-library version: 3.3.6
2025.10.15 10:22:53 INFO  no build target found for C:\Users\Niklas\Studium\Semester8\Web\minesweeper-web\build.sbt. Using presentation compiler with project's scala-library version: 3.3.6
2025.10.15 10:22:53 INFO  no build target found for C:\Users\Niklas\Studium\Semester8\Web\minesweeper-web\build.sbt. Using presentation compiler with project's scala-library version: 3.3.6
2025.10.15 10:22:53 INFO  no build target found for C:\Users\Niklas\Studium\Semester8\Web\minesweeper-web\build.sbt. Using presentation compiler with project's scala-library version: 3.3.6
2025.10.15 10:22:53 INFO  no build target found for C:\Users\Niklas\Studium\Semester8\Web\minesweeper-web\build.sbt. Using presentation compiler with project's scala-library version: 3.3.6
2025.10.15 10:22:53 INFO  no build target found for C:\Users\Niklas\Studium\Semester8\Web\minesweeper-web\build.sbt. Using presentation compiler with project's scala-library version: 3.3.6
2025.10.15 10:29:36 INFO  no build target found for C:\Users\Niklas\Studium\Semester8\Web\minesweeper-web\build.sbt. Using presentation compiler with project's scala-library version: 3.3.6
2025.10.15 10:29:36 INFO  no build target found for C:\Users\Niklas\Studium\Semester8\Web\minesweeper-web\build.sbt. Using presentation compiler with project's scala-library version: 3.3.6
2025.10.15 10:29:38 INFO  no build target found for C:\Users\Niklas\Studium\Semester8\Web\minesweeper-web\build.sbt. Using presentation compiler with project's scala-library version: 3.3.6
2025.10.15 10:29:38 INFO  no build target found for C:\Users\Niklas\Studium\Semester8\Web\minesweeper-web\build.sbt. Using presentation compiler with project's scala-library version: 3.3.6
2025.10.15 10:29:38 INFO  no build target found for C:\Users\Niklas\Studium\Semester8\Web\minesweeper-web\build.sbt. Using presentation compiler with project's scala-library version: 3.3.6
2025.10.15 10:29:38 INFO  no build target found for C:\Users\Niklas\Studium\Semester8\Web\minesweeper-web\build.sbt. Using presentation compiler with project's scala-library version: 3.3.6
2025.10.15 10:29:39 INFO  no build target found for C:\Users\Niklas\Studium\Semester8\Web\minesweeper-web\build.sbt. Using presentation compiler with project's scala-library version: 3.3.6
2025.10.15 10:29:39 INFO  no build target found for C:\Users\Niklas\Studium\Semester8\Web\minesweeper-web\build.sbt. Using presentation compiler with project's scala-library version: 3.3.6
2025.10.15 10:29:39 INFO  no build target found for C:\Users\Niklas\Studium\Semester8\Web\minesweeper-web\build.sbt. Using presentation compiler with project's scala-library version: 3.3.6
2025.10.15 10:29:41 INFO  no build target found for C:\Users\Niklas\Studium\Semester8\Web\minesweeper-web\build.sbt. Using presentation compiler with project's scala-library version: 3.3.6
2025.10.15 10:29:41 INFO  no build target found for C:\Users\Niklas\Studium\Semester8\Web\minesweeper-web\build.sbt. Using presentation compiler with project's scala-library version: 3.3.6
2025.10.15 10:29:41 INFO  no build target found for C:\Users\Niklas\Studium\Semester8\Web\minesweeper-web\build.sbt. Using presentation compiler with project's scala-library version: 3.3.6
2025.10.15 10:29:41 INFO  no build target found for C:\Users\Niklas\Studium\Semester8\Web\minesweeper-web\build.sbt. Using presentation compiler with project's scala-library version: 3.3.6
2025.10.15 10:31:52 INFO  no build target found for C:\Users\Niklas\Studium\Semester8\Web\minesweeper-web\build.sbt. Using presentation compiler with project's scala-library version: 3.3.6
2025.10.15 10:31:56 INFO  no build target found for C:\Users\Niklas\Studium\Semester8\Web\minesweeper-web\build.sbt. Using presentation compiler with project's scala-library version: 3.3.6
2025.10.15 10:31:59 INFO  no build target found for C:\Users\Niklas\Studium\Semester8\Web\minesweeper-web\build.sbt. Using presentation compiler with project's scala-library version: 3.3.6
2025.10.15 10:31:59 INFO  no build target found for C:\Users\Niklas\Studium\Semester8\Web\minesweeper-web\build.sbt. Using presentation compiler with project's scala-library version: 3.3.6
2025.10.15 10:32:01 INFO  no build target found for C:\Users\Niklas\Studium\Semester8\Web\minesweeper-web\build.sbt. Using presentation compiler with project's scala-library version: 3.3.6
2025.10.15 10:32:02 INFO  no build target found for C:\Users\Niklas\Studium\Semester8\Web\minesweeper-web\build.sbt. Using presentation compiler with project's scala-library version: 3.3.6
2025.10.15 10:32:01 INFO  no build target found for C:\Users\Niklas\Studium\Semester8\Web\minesweeper-web\build.sbt. Using presentation compiler with project's scala-library version: 3.3.6
2025.10.15 10:32:01 INFO  no build target found for C:\Users\Niklas\Studium\Semester8\Web\minesweeper-web\build.sbt. Using presentation compiler with project's scala-library version: 3.3.6
2025.10.15 10:32:02 INFO  Created report: Optional[file:///C:/Users/Niklas/Studium/Semester8/Web/minesweeper-web/build.sbt]
2025.10.15 10:32:02 INFO  empty definition using pc, found symbol in pc:  (full report at: "C:\Users\Niklas\Studium\Semester8\Web\minesweeper-web\.metals\.reports\metals-full\2025-10-15\r_empty-definition_10-32-02-795.md")
2025.10.15 10:32:02 INFO  no build target found for C:\Users\Niklas\Studium\Semester8\Web\minesweeper-web\build.sbt. Using presentation compiler with project's scala-library version: 3.3.6
2025.10.15 10:32:02 INFO  no build target found for C:\Users\Niklas\Studium\Semester8\Web\minesweeper-web\build.sbt. Using presentation compiler with project's scala-library version: 3.3.6
2025.10.15 10:32:02 INFO  no build target found for C:\Users\Niklas\Studium\Semester8\Web\minesweeper-web\build.sbt. Using presentation compiler with project's scala-library version: 3.3.6
2025.10.15 10:32:02 INFO  no build target found for C:\Users\Niklas\Studium\Semester8\Web\minesweeper-web\build.sbt. Using presentation compiler with project's scala-library version: 3.3.6
2025.10.15 10:32:02 INFO  no build target found for C:\Users\Niklas\Studium\Semester8\Web\minesweeper-web\build.sbt. Using presentation compiler with project's scala-library version: 3.3.6
2025.10.15 10:32:02 INFO  no build target found for C:\Users\Niklas\Studium\Semester8\Web\minesweeper-web\build.sbt. Using presentation compiler with project's scala-library version: 3.3.6
2025.10.15 10:32:02 INFO  no build target found for C:\Users\Niklas\Studium\Semester8\Web\minesweeper-web\build.sbt. Using presentation compiler with project's scala-library version: 3.3.6
2025.10.15 10:32:06 INFO  no build target found for C:\Users\Niklas\Studium\Semester8\Web\minesweeper-web\build.sbt. Using presentation compiler with project's scala-library version: 3.3.6
2025.10.15 10:32:07 WARN  no build target for: C:\Users\Niklas\Studium\Semester8\Web\minesweeper-web\build.sbt
2025.10.15 10:32:07 INFO  no build target found for C:\Users\Niklas\Studium\Semester8\Web\minesweeper-web\build.sbt. Using presentation compiler with project's scala-library version: 3.3.6
2025.10.15 10:32:07 INFO  no build target found for C:\Users\Niklas\Studium\Semester8\Web\minesweeper-web\build.sbt. Using presentation compiler with project's scala-library version: 3.3.6
2025.10.15 10:32:09 INFO  no build target found for C:\Users\Niklas\Studium\Semester8\Web\minesweeper-web\build.sbt. Using presentation compiler with project's scala-library version: 3.3.6
2025.10.15 10:36:49 INFO  no build target found for C:\Users\Niklas\Studium\Semester8\Web\minesweeper-web\build.sbt. Using presentation compiler with project's scala-library version: 3.3.6
2025.10.15 10:36:49 INFO  no build target found for C:\Users\Niklas\Studium\Semester8\Web\minesweeper-web\build.sbt. Using presentation compiler with project's scala-library version: 3.3.6
2025.10.15 10:36:50 INFO  no build target found for C:\Users\Niklas\Studium\Semester8\Web\minesweeper-web\build.sbt. Using presentation compiler with project's scala-library version: 3.3.6
2025.10.15 10:36:50 INFO  no build target found for C:\Users\Niklas\Studium\Semester8\Web\minesweeper-web\build.sbt. Using presentation compiler with project's scala-library version: 3.3.6
2025.10.15 10:36:50 WARN  Could not find semantic tokens for: file:///C:/Users/Niklas/Studium/Semester8/Web/minesweeper-web/build.sbt
2025.10.15 10:36:50 INFO  no build target found for C:\Users\Niklas\Studium\Semester8\Web\minesweeper-web\build.sbt. Using presentation compiler with project's scala-library version: 3.3.6
2025.10.15 10:36:50 INFO  no build target found for C:\Users\Niklas\Studium\Semester8\Web\minesweeper-web\build.sbt. Using presentation compiler with project's scala-library version: 3.3.6
2025.10.15 10:36:52 INFO  no build target found for C:\Users\Niklas\Studium\Semester8\Web\minesweeper-web\build.sbt. Using presentation compiler with project's scala-library version: 3.3.6
2025.10.15 10:36:52 WARN  no build target for: C:\Users\Niklas\Studium\Semester8\Web\minesweeper-web\build.sbt
2025.10.15 10:36:52 INFO  no build target found for C:\Users\Niklas\Studium\Semester8\Web\minesweeper-web\build.sbt. Using presentation compiler with project's scala-library version: 3.3.6
2025.10.15 10:36:52 INFO  no build target found for C:\Users\Niklas\Studium\Semester8\Web\minesweeper-web\build.sbt. Using presentation compiler with project's scala-library version: 3.3.6
2025.10.15 10:38:53 WARN  no build target for: C:\Users\Niklas\Studium\Semester8\Web\minesweeper-web\app\controllers\HomeController.scala
2025.10.15 10:38:53 INFO  no build target found for C:\Users\Niklas\Studium\Semester8\Web\minesweeper-web\app\controllers\HomeController.scala. Using presentation compiler with project's scala-library version: 3.3.6
2025.10.15 10:38:53 INFO  no build target found for C:\Users\Niklas\Studium\Semester8\Web\minesweeper-web\app\controllers\HomeController.scala. Using presentation compiler with project's scala-library version: 3.3.6
2025.10.15 10:38:53 INFO  no build target found for C:\Users\Niklas\Studium\Semester8\Web\minesweeper-web\app\controllers\HomeController.scala. Using presentation compiler with project's scala-library version: 3.3.6
2025.10.15 10:38:55 INFO  no build target found for C:\Users\Niklas\Studium\Semester8\Web\minesweeper-web\app\controllers\HomeController.scala. Using presentation compiler with project's scala-library version: 3.3.6
2025.10.15 10:38:55 INFO  no build target found for C:\Users\Niklas\Studium\Semester8\Web\minesweeper-web\app\controllers\HomeController.scala. Using presentation compiler with project's scala-library version: 3.3.6
2025.10.15 10:41:01 INFO  no build target found for C:\Users\Niklas\Studium\Semester8\Web\minesweeper-web\app\controllers\HomeController.scala. Using presentation compiler with project's scala-library version: 3.3.6
2025.10.15 10:41:01 INFO  no build target found for C:\Users\Niklas\Studium\Semester8\Web\minesweeper-web\app\controllers\HomeController.scala. Using presentation compiler with project's scala-library version: 3.3.6
2025.10.15 10:41:01 INFO  no build target found for C:\Users\Niklas\Studium\Semester8\Web\minesweeper-web\app\controllers\HomeController.scala. Using presentation compiler with project's scala-library version: 3.3.6
2025.10.15 10:41:02 INFO  no build target found for C:\Users\Niklas\Studium\Semester8\Web\minesweeper-web\app\controllers\HomeController.scala. Using presentation compiler with project's scala-library version: 3.3.6
2025.10.15 10:41:20 INFO  no build target found for C:\Users\Niklas\Studium\Semester8\Web\minesweeper-web\app\controllers\HomeController.scala. Using presentation compiler with project's scala-library version: 3.3.6
2025.10.15 10:41:23 INFO  no build target found for C:\Users\Niklas\Studium\Semester8\Web\minesweeper-web\app\controllers\HomeController.scala. Using presentation compiler with project's scala-library version: 3.3.6
2025.10.15 10:41:23 INFO  no build target found for C:\Users\Niklas\Studium\Semester8\Web\minesweeper-web\app\controllers\HomeController.scala. Using presentation compiler with project's scala-library version: 3.3.6
2025.10.15 10:41:24 INFO  no build target found for C:\Users\Niklas\Studium\Semester8\Web\minesweeper-web\app\controllers\HomeController.scala. Using presentation compiler with project's scala-library version: 3.3.6
2025.10.15 10:41:23 INFO  no build target found for C:\Users\Niklas\Studium\Semester8\Web\minesweeper-web\app\controllers\HomeController.scala. Using presentation compiler with project's scala-library version: 3.3.6
2025.10.15 10:41:42 INFO  no build target found for C:\Users\Niklas\Studium\Semester8\Web\minesweeper-web\app\controllers\HomeController.scala. Using presentation compiler with project's scala-library version: 3.3.6
2025.10.15 10:41:42 INFO  no build target found for C:\Users\Niklas\Studium\Semester8\Web\minesweeper-web\app\controllers\HomeController.scala. Using presentation compiler with project's scala-library version: 3.3.6
2025.10.15 10:41:44 INFO  no build target found for C:\Users\Niklas\Studium\Semester8\Web\minesweeper-web\app\controllers\HomeController.scala. Using presentation compiler with project's scala-library version: 3.3.6
2025.10.15 10:41:44 INFO  no build target found for C:\Users\Niklas\Studium\Semester8\Web\minesweeper-web\app\controllers\HomeController.scala. Using presentation compiler with project's scala-library version: 3.3.6
2025.10.15 10:41:44 INFO  no build target found for C:\Users\Niklas\Studium\Semester8\Web\minesweeper-web\app\controllers\HomeController.scala. Using presentation compiler with project's scala-library version: 3.3.6
2025.10.15 10:41:44 INFO  no build target found for C:\Users\Niklas\Studium\Semester8\Web\minesweeper-web\app\controllers\HomeController.scala. Using presentation compiler with project's scala-library version: 3.3.6
2025.10.15 10:41:45 INFO  no build target found for C:\Users\Niklas\Studium\Semester8\Web\minesweeper-web\app\controllers\HomeController.scala. Using presentation compiler with project's scala-library version: 3.3.6
2025.10.15 10:41:45 WARN  no build target for: C:\Users\Niklas\Studium\Semester8\Web\minesweeper-web\app\controllers\HomeController.scala
2025.10.15 10:41:45 INFO  no build target found for C:\Users\Niklas\Studium\Semester8\Web\minesweeper-web\app\controllers\HomeController.scala. Using presentation compiler with project's scala-library version: 3.3.6
2025.10.15 10:42:33 INFO  no build target found for C:\Users\Niklas\Studium\Semester8\Web\minesweeper-web\app\controllers\HomeController.scala. Using presentation compiler with project's scala-library version: 3.3.6
2025.10.15 10:43:02 INFO  no build target found for C:\Users\Niklas\Studium\Semester8\Web\minesweeper-web\app\controllers\HomeController.scala. Using presentation compiler with project's scala-library version: 3.3.6
2025.10.15 10:43:02 INFO  no build target found for C:\Users\Niklas\Studium\Semester8\Web\minesweeper-web\app\controllers\HomeController.scala. Using presentation compiler with project's scala-library version: 3.3.6
2025.10.15 10:43:02 INFO  no build target found for C:\Users\Niklas\Studium\Semester8\Web\minesweeper-web\app\controllers\HomeController.scala. Using presentation compiler with project's scala-library version: 3.3.6
2025.10.15 10:43:02 INFO  no build target found for C:\Users\Niklas\Studium\Semester8\Web\minesweeper-web\app\controllers\HomeController.scala. Using presentation compiler with project's scala-library version: 3.3.6
2025.10.15 10:43:03 INFO  no build target found for C:\Users\Niklas\Studium\Semester8\Web\minesweeper-web\app\controllers\HomeController.scala. Using presentation compiler with project's scala-library version: 3.3.6
2025.10.15 10:43:03 INFO  no build target found for C:\Users\Niklas\Studium\Semester8\Web\minesweeper-web\app\controllers\HomeController.scala. Using presentation compiler with project's scala-library version: 3.3.6
2025.10.15 10:43:05 INFO  no build target found for C:\Users\Niklas\Studium\Semester8\Web\minesweeper-web\app\controllers\HomeController.scala. Using presentation compiler with project's scala-library version: 3.3.6
2025.10.15 10:43:05 INFO  no build target found for C:\Users\Niklas\Studium\Semester8\Web\minesweeper-web\app\controllers\HomeController.scala. Using presentation compiler with project's scala-library version: 3.3.6
2025.10.15 10:43:05 INFO  no build target found for C:\Users\Niklas\Studium\Semester8\Web\minesweeper-web\app\controllers\HomeController.scala. Using presentation compiler with project's scala-library version: 3.3.6
2025.10.15 10:43:05 INFO  no build target found for C:\Users\Niklas\Studium\Semester8\Web\minesweeper-web\app\controllers\HomeController.scala. Using presentation compiler with project's scala-library version: 3.3.6
2025.10.15 10:43:08 INFO  no build target found for C:\Users\Niklas\Studium\Semester8\Web\minesweeper-web\app\controllers\HomeController.scala. Using presentation compiler with project's scala-library version: 3.3.6
2025.10.15 10:43:08 INFO  no build target found for C:\Users\Niklas\Studium\Semester8\Web\minesweeper-web\app\controllers\HomeController.scala. Using presentation compiler with project's scala-library version: 3.3.6
2025.10.15 10:43:08 INFO  no build target found for C:\Users\Niklas\Studium\Semester8\Web\minesweeper-web\app\controllers\HomeController.scala. Using presentation compiler with project's scala-library version: 3.3.6
2025.10.15 10:43:08 INFO  no build target found for C:\Users\Niklas\Studium\Semester8\Web\minesweeper-web\app\controllers\HomeController.scala. Using presentation compiler with project's scala-library version: 3.3.6
2025.10.15 10:43:08 INFO  no build target found for C:\Users\Niklas\Studium\Semester8\Web\minesweeper-web\app\controllers\HomeController.scala. Using presentation compiler with project's scala-library version: 3.3.6
2025.10.15 10:43:09 INFO  no build target found for C:\Users\Niklas\Studium\Semester8\Web\minesweeper-web\app\controllers\HomeController.scala. Using presentation compiler with project's scala-library version: 3.3.6
2025.10.15 10:43:09 INFO  no build target found for C:\Users\Niklas\Studium\Semester8\Web\minesweeper-web\app\controllers\HomeController.scala. Using presentation compiler with project's scala-library version: 3.3.6
2025.10.15 10:43:09 INFO  no build target found for C:\Users\Niklas\Studium\Semester8\Web\minesweeper-web\app\controllers\HomeController.scala. Using presentation compiler with project's scala-library version: 3.3.6
2025.10.15 10:43:09 INFO  no build target found for C:\Users\Niklas\Studium\Semester8\Web\minesweeper-web\app\controllers\HomeController.scala. Using presentation compiler with project's scala-library version: 3.3.6
2025.10.15 10:43:09 INFO  no build target found for C:\Users\Niklas\Studium\Semester8\Web\minesweeper-web\app\controllers\HomeController.scala. Using presentation compiler with project's scala-library version: 3.3.6
2025.10.15 10:43:09 INFO  no build target found for C:\Users\Niklas\Studium\Semester8\Web\minesweeper-web\app\controllers\HomeController.scala. Using presentation compiler with project's scala-library version: 3.3.6
2025.10.15 10:43:09 INFO  no build target found for C:\Users\Niklas\Studium\Semester8\Web\minesweeper-web\app\controllers\HomeController.scala. Using presentation compiler with project's scala-library version: 3.3.6
2025.10.15 10:43:11 INFO  no build target found for C:\Users\Niklas\Studium\Semester8\Web\minesweeper-web\app\controllers\HomeController.scala. Using presentation compiler with project's scala-library version: 3.3.6
2025.10.15 10:43:14 INFO  no build target found for C:\Users\Niklas\Studium\Semester8\Web\minesweeper-web\app\controllers\HomeController.scala. Using presentation compiler with project's scala-library version: 3.3.6
2025.10.15 10:43:14 INFO  no build target found for C:\Users\Niklas\Studium\Semester8\Web\minesweeper-web\app\controllers\HomeController.scala. Using presentation compiler with project's scala-library version: 3.3.6
2025.10.15 10:43:14 INFO  no build target found for C:\Users\Niklas\Studium\Semester8\Web\minesweeper-web\app\controllers\HomeController.scala. Using presentation compiler with project's scala-library version: 3.3.6
2025.10.15 10:43:20 INFO  no build target found for C:\Users\Niklas\Studium\Semester8\Web\minesweeper-web\app\controllers\HomeController.scala. Using presentation compiler with project's scala-library version: 3.3.6
2025.10.15 10:43:20 WARN  no build target for: C:\Users\Niklas\Studium\Semester8\Web\minesweeper-web\app\controllers\HomeController.scala
2025.10.15 10:43:20 INFO  no build target found for C:\Users\Niklas\Studium\Semester8\Web\minesweeper-web\app\controllers\HomeController.scala. Using presentation compiler with project's scala-library version: 3.3.6
2025.10.15 10:44:05 INFO  no build target found for C:\Users\Niklas\Studium\Semester8\Web\minesweeper-web\app\controllers\HomeController.scala. Using presentation compiler with project's scala-library version: 3.3.6
2025.10.15 10:45:00 INFO  no build target found for C:\Users\Niklas\Studium\Semester8\Web\minesweeper-web\app\controllers\HomeController.scala. Using presentation compiler with project's scala-library version: 3.3.6
2025.10.15 10:45:14 INFO  no build target found for C:\Users\Niklas\Studium\Semester8\Web\minesweeper-web\app\controllers\HomeController.scala. Using presentation compiler with project's scala-library version: 3.3.6
2025.10.15 10:45:14 INFO  no build target found for C:\Users\Niklas\Studium\Semester8\Web\minesweeper-web\app\controllers\HomeController.scala. Using presentation compiler with project's scala-library version: 3.3.6
2025.10.15 10:45:14 INFO  no build target found for C:\Users\Niklas\Studium\Semester8\Web\minesweeper-web\app\controllers\HomeController.scala. Using presentation compiler with project's scala-library version: 3.3.6
2025.10.15 10:45:15 INFO  no build target found for C:\Users\Niklas\Studium\Semester8\Web\minesweeper-web\app\controllers\HomeController.scala. Using presentation compiler with project's scala-library version: 3.3.6
2025.10.15 10:45:15 INFO  no build target found for C:\Users\Niklas\Studium\Semester8\Web\minesweeper-web\app\controllers\HomeController.scala. Using presentation compiler with project's scala-library version: 3.3.6
2025.10.15 10:45:15 INFO  no build target found for C:\Users\Niklas\Studium\Semester8\Web\minesweeper-web\app\controllers\HomeController.scala. Using presentation compiler with project's scala-library version: 3.3.6
2025.10.15 10:45:15 INFO  no build target found for C:\Users\Niklas\Studium\Semester8\Web\minesweeper-web\app\controllers\HomeController.scala. Using presentation compiler with project's scala-library version: 3.3.6
2025.10.15 10:45:15 INFO  no build target found for C:\Users\Niklas\Studium\Semester8\Web\minesweeper-web\app\controllers\HomeController.scala. Using presentation compiler with project's scala-library version: 3.3.6
2025.10.15 10:45:17 WARN  no build target for: C:\Users\Niklas\Studium\Semester8\Web\minesweeper-web\app\controllers\HomeController.scala
2025.10.15 10:45:17 INFO  no build target found for C:\Users\Niklas\Studium\Semester8\Web\minesweeper-web\app\controllers\HomeController.scala. Using presentation compiler with project's scala-library version: 3.3.6
2025.10.15 10:45:17 INFO  no build target found for C:\Users\Niklas\Studium\Semester8\Web\minesweeper-web\app\controllers\HomeController.scala. Using presentation compiler with project's scala-library version: 3.3.6
2025.10.15 10:45:59 INFO  no build target found for C:\Users\Niklas\Studium\Semester8\Web\minesweeper-web\app\controllers\HomeController.scala. Using presentation compiler with project's scala-library version: 3.3.6
2025.10.15 10:45:59 INFO  no build target found for C:\Users\Niklas\Studium\Semester8\Web\minesweeper-web\app\controllers\HomeController.scala. Using presentation compiler with project's scala-library version: 3.3.6
2025.10.15 10:46:00 INFO  no build target found for C:\Users\Niklas\Studium\Semester8\Web\minesweeper-web\app\controllers\HomeController.scala. Using presentation compiler with project's scala-library version: 3.3.6
2025.10.15 10:46:00 INFO  no build target found for C:\Users\Niklas\Studium\Semester8\Web\minesweeper-web\app\controllers\HomeController.scala. Using presentation compiler with project's scala-library version: 3.3.6
2025.10.15 10:46:00 INFO  no build target found for C:\Users\Niklas\Studium\Semester8\Web\minesweeper-web\app\controllers\HomeController.scala. Using presentation compiler with project's scala-library version: 3.3.6
2025.10.15 10:46:01 INFO  no build target found for C:\Users\Niklas\Studium\Semester8\Web\minesweeper-web\app\controllers\HomeController.scala. Using presentation compiler with project's scala-library version: 3.3.6
2025.10.15 10:46:00 INFO  no build target found for C:\Users\Niklas\Studium\Semester8\Web\minesweeper-web\app\controllers\HomeController.scala. Using presentation compiler with project's scala-library version: 3.3.6
2025.10.15 10:46:01 INFO  no build target found for C:\Users\Niklas\Studium\Semester8\Web\minesweeper-web\app\controllers\HomeController.scala. Using presentation compiler with project's scala-library version: 3.3.6
2025.10.15 10:47:09 INFO  no build target found for C:\Users\Niklas\Studium\Semester8\Web\minesweeper-web\app\controllers\HomeController.scala. Using presentation compiler with project's scala-library version: 3.3.6
2025.10.15 10:47:09 INFO  no build target found for C:\Users\Niklas\Studium\Semester8\Web\minesweeper-web\app\controllers\HomeController.scala. Using presentation compiler with project's scala-library version: 3.3.6
2025.10.15 10:47:09 INFO  no build target found for C:\Users\Niklas\Studium\Semester8\Web\minesweeper-web\app\controllers\HomeController.scala. Using presentation compiler with project's scala-library version: 3.3.6
2025.10.15 10:47:10 INFO  no build target found for C:\Users\Niklas\Studium\Semester8\Web\minesweeper-web\app\controllers\HomeController.scala. Using presentation compiler with project's scala-library version: 3.3.6
2025.10.15 10:47:11 INFO  no build target found for C:\Users\Niklas\Studium\Semester8\Web\minesweeper-web\app\controllers\HomeController.scala. Using presentation compiler with project's scala-library version: 3.3.6
2025.10.15 10:47:11 INFO  no build target found for C:\Users\Niklas\Studium\Semester8\Web\minesweeper-web\app\controllers\HomeController.scala. Using presentation compiler with project's scala-library version: 3.3.6
2025.10.15 10:47:13 INFO  no build target found for C:\Users\Niklas\Studium\Semester8\Web\minesweeper-web\app\controllers\HomeController.scala. Using presentation compiler with project's scala-library version: 3.3.6
2025.10.15 10:47:13 INFO  no build target found for C:\Users\Niklas\Studium\Semester8\Web\minesweeper-web\app\controllers\HomeController.scala. Using presentation compiler with project's scala-library version: 3.3.6
2025.10.15 10:47:13 INFO  no build target found for C:\Users\Niklas\Studium\Semester8\Web\minesweeper-web\app\controllers\HomeController.scala. Using presentation compiler with project's scala-library version: 3.3.6
2025.10.15 10:47:13 INFO  no build target found for C:\Users\Niklas\Studium\Semester8\Web\minesweeper-web\app\controllers\HomeController.scala. Using presentation compiler with project's scala-library version: 3.3.6
2025.10.15 10:47:14 INFO  no build target found for C:\Users\Niklas\Studium\Semester8\Web\minesweeper-web\app\controllers\HomeController.scala. Using presentation compiler with project's scala-library version: 3.3.6
2025.10.15 10:47:15 INFO  no build target found for C:\Users\Niklas\Studium\Semester8\Web\minesweeper-web\app\controllers\HomeController.scala. Using presentation compiler with project's scala-library version: 3.3.6
2025.10.15 10:47:17 INFO  no build target found for C:\Users\Niklas\Studium\Semester8\Web\minesweeper-web\app\controllers\HomeController.scala. Using presentation compiler with project's scala-library version: 3.3.6
2025.10.15 10:47:17 INFO  no build target found for C:\Users\Niklas\Studium\Semester8\Web\minesweeper-web\app\controllers\HomeController.scala. Using presentation compiler with project's scala-library version: 3.3.6
2025.10.15 10:47:17 INFO  no build target found for C:\Users\Niklas\Studium\Semester8\Web\minesweeper-web\app\controllers\HomeController.scala. Using presentation compiler with project's scala-library version: 3.3.6
2025.10.15 10:47:18 INFO  no build target found for C:\Users\Niklas\Studium\Semester8\Web\minesweeper-web\app\controllers\HomeController.scala. Using presentation compiler with project's scala-library version: 3.3.6
2025.10.15 10:47:19 INFO  no build target found for C:\Users\Niklas\Studium\Semester8\Web\minesweeper-web\app\controllers\HomeController.scala. Using presentation compiler with project's scala-library version: 3.3.6
2025.10.15 10:47:19 WARN  no build target for: C:\Users\Niklas\Studium\Semester8\Web\minesweeper-web\app\controllers\HomeController.scala
2025.10.15 10:47:19 INFO  no build target found for C:\Users\Niklas\Studium\Semester8\Web\minesweeper-web\app\controllers\HomeController.scala. Using presentation compiler with project's scala-library version: 3.3.6
2025.10.15 10:47:20 INFO  no build target found for C:\Users\Niklas\Studium\Semester8\Web\minesweeper-web\app\controllers\HomeController.scala. Using presentation compiler with project's scala-library version: 3.3.6
2025.10.15 10:47:21 INFO  no build target found for C:\Users\Niklas\Studium\Semester8\Web\minesweeper-web\app\controllers\HomeController.scala. Using presentation compiler with project's scala-library version: 3.3.6
2025.10.15 10:49:36 INFO  no build target found for C:\Users\Niklas\Studium\Semester8\Web\minesweeper-web\app\controllers\HomeController.scala. Using presentation compiler with project's scala-library version: 3.3.6
2025.10.15 10:49:38 INFO  no build target found for C:\Users\Niklas\Studium\Semester8\Web\minesweeper-web\app\controllers\HomeController.scala. Using presentation compiler with project's scala-library version: 3.3.6
2025.10.15 10:49:38 INFO  no build target found for C:\Users\Niklas\Studium\Semester8\Web\minesweeper-web\app\controllers\HomeController.scala. Using presentation compiler with project's scala-library version: 3.3.6
2025.10.15 10:49:38 INFO  no build target found for C:\Users\Niklas\Studium\Semester8\Web\minesweeper-web\app\controllers\HomeController.scala. Using presentation compiler with project's scala-library version: 3.3.6
2025.10.15 10:49:38 INFO  no build target found for C:\Users\Niklas\Studium\Semester8\Web\minesweeper-web\app\controllers\HomeController.scala. Using presentation compiler with project's scala-library version: 3.3.6
2025.10.15 10:49:39 INFO  no build target found for C:\Users\Niklas\Studium\Semester8\Web\minesweeper-web\app\controllers\HomeController.scala. Using presentation compiler with project's scala-library version: 3.3.6
2025.10.15 10:49:39 INFO  no build target found for C:\Users\Niklas\Studium\Semester8\Web\minesweeper-web\app\controllers\HomeController.scala. Using presentation compiler with project's scala-library version: 3.3.6
2025.10.15 10:49:40 WARN  no build target for: C:\Users\Niklas\Studium\Semester8\Web\minesweeper-web\app\controllers\HomeController.scala
2025.10.15 10:49:40 INFO  no build target found for C:\Users\Niklas\Studium\Semester8\Web\minesweeper-web\app\controllers\HomeController.scala. Using presentation compiler with project's scala-library version: 3.3.6
2025.10.15 10:49:40 INFO  no build target found for C:\Users\Niklas\Studium\Semester8\Web\minesweeper-web\app\controllers\HomeController.scala. Using presentation compiler with project's scala-library version: 3.3.6
2025.10.15 10:49:52 INFO  no build target found for C:\Users\Niklas\Studium\Semester8\Web\minesweeper-web\app\controllers\HomeController.scala. Using presentation compiler with project's scala-library version: 3.3.6
2025.10.15 10:49:52 INFO  no build target found for C:\Users\Niklas\Studium\Semester8\Web\minesweeper-web\app\controllers\HomeController.scala. Using presentation compiler with project's scala-library version: 3.3.6
2025.10.15 10:49:57 INFO  no build target found for C:\Users\Niklas\Studium\Semester8\Web\minesweeper-web\app\controllers\HomeController.scala. Using presentation compiler with project's scala-library version: 3.3.6
2025.10.15 10:49:57 INFO  no build target found for C:\Users\Niklas\Studium\Semester8\Web\minesweeper-web\app\controllers\HomeController.scala. Using presentation compiler with project's scala-library version: 3.3.6
2025.10.15 10:49:58 INFO  no build target found for C:\Users\Niklas\Studium\Semester8\Web\minesweeper-web\app\controllers\HomeController.scala. Using presentation compiler with project's scala-library version: 3.3.6
2025.10.15 10:49:58 INFO  no build target found for C:\Users\Niklas\Studium\Semester8\Web\minesweeper-web\app\controllers\HomeController.scala. Using presentation compiler with project's scala-library version: 3.3.6
2025.10.15 10:49:58 INFO  no build target found for C:\Users\Niklas\Studium\Semester8\Web\minesweeper-web\app\controllers\HomeController.scala. Using presentation compiler with project's scala-library version: 3.3.6
2025.10.15 10:49:58 INFO  no build target found for C:\Users\Niklas\Studium\Semester8\Web\minesweeper-web\app\controllers\HomeController.scala. Using presentation compiler with project's scala-library version: 3.3.6
2025.10.15 10:50:00 INFO  no build target found for C:\Users\Niklas\Studium\Semester8\Web\minesweeper-web\app\controllers\HomeController.scala. Using presentation compiler with project's scala-library version: 3.3.6
2025.10.15 10:50:02 INFO  no build target found for C:\Users\Niklas\Studium\Semester8\Web\minesweeper-web\app\controllers\HomeController.scala. Using presentation compiler with project's scala-library version: 3.3.6
2025.10.15 10:50:02 INFO  no build target found for C:\Users\Niklas\Studium\Semester8\Web\minesweeper-web\app\controllers\HomeController.scala. Using presentation compiler with project's scala-library version: 3.3.6
2025.10.15 10:50:02 INFO  no build target found for C:\Users\Niklas\Studium\Semester8\Web\minesweeper-web\app\controllers\HomeController.scala. Using presentation compiler with project's scala-library version: 3.3.6
2025.10.15 10:50:02 INFO  no build target found for C:\Users\Niklas\Studium\Semester8\Web\minesweeper-web\app\controllers\HomeController.scala. Using presentation compiler with project's scala-library version: 3.3.6
2025.10.15 10:50:03 INFO  no build target found for C:\Users\Niklas\Studium\Semester8\Web\minesweeper-web\app\controllers\HomeController.scala. Using presentation compiler with project's scala-library version: 3.3.6
2025.10.15 10:50:03 INFO  no build target found for C:\Users\Niklas\Studium\Semester8\Web\minesweeper-web\app\controllers\HomeController.scala. Using presentation compiler with project's scala-library version: 3.3.6
2025.10.15 10:50:03 INFO  no build target found for C:\Users\Niklas\Studium\Semester8\Web\minesweeper-web\app\controllers\HomeController.scala. Using presentation compiler with project's scala-library version: 3.3.6
2025.10.15 10:50:03 INFO  no build target found for C:\Users\Niklas\Studium\Semester8\Web\minesweeper-web\app\controllers\HomeController.scala. Using presentation compiler with project's scala-library version: 3.3.6
2025.10.15 10:50:03 INFO  no build target found for C:\Users\Niklas\Studium\Semester8\Web\minesweeper-web\app\controllers\HomeController.scala. Using presentation compiler with project's scala-library version: 3.3.6
2025.10.15 10:50:03 INFO  no build target found for C:\Users\Niklas\Studium\Semester8\Web\minesweeper-web\app\controllers\HomeController.scala. Using presentation compiler with project's scala-library version: 3.3.6
2025.10.15 10:50:04 INFO  Created report: Optional[file:///C:/Users/Niklas/Studium/Semester8/Web/minesweeper-web/app/controllers/HomeController.scala]
2025.10.15 10:50:04 INFO  empty definition using pc, found symbol in pc: `<none>`. (full report at: "C:\Users\Niklas\Studium\Semester8\Web\minesweeper-web\.metals\.reports\metals-full\2025-10-15\r_empty-definition_10-50-04-061.md")
2025.10.15 10:50:03 INFO  no build target found for C:\Users\Niklas\Studium\Semester8\Web\minesweeper-web\app\controllers\HomeController.scala. Using presentation compiler with project's scala-library version: 3.3.6
2025.10.15 10:50:03 INFO  no build target found for C:\Users\Niklas\Studium\Semester8\Web\minesweeper-web\app\controllers\HomeController.scala. Using presentation compiler with project's scala-library version: 3.3.6
2025.10.15 10:50:04 INFO  no build target found for C:\Users\Niklas\Studium\Semester8\Web\minesweeper-web\app\controllers\HomeController.scala. Using presentation compiler with project's scala-library version: 3.3.6
2025.10.15 10:50:03 INFO  no build target found for C:\Users\Niklas\Studium\Semester8\Web\minesweeper-web\app\controllers\HomeController.scala. Using presentation compiler with project's scala-library version: 3.3.6
2025.10.15 10:50:04 INFO  no build target found for C:\Users\Niklas\Studium\Semester8\Web\minesweeper-web\app\controllers\HomeController.scala. Using presentation compiler with project's scala-library version: 3.3.6
2025.10.15 10:50:06 INFO  no build target found for C:\Users\Niklas\Studium\Semester8\Web\minesweeper-web\app\controllers\HomeController.scala. Using presentation compiler with project's scala-library version: 3.3.6
2025.10.15 10:50:07 INFO  no build target found for C:\Users\Niklas\Studium\Semester8\Web\minesweeper-web\app\controllers\HomeController.scala. Using presentation compiler with project's scala-library version: 3.3.6
2025.10.15 10:50:07 INFO  no build target found for C:\Users\Niklas\Studium\Semester8\Web\minesweeper-web\app\controllers\HomeController.scala. Using presentation compiler with project's scala-library version: 3.3.6
2025.10.15 10:50:07 INFO  no build target found for C:\Users\Niklas\Studium\Semester8\Web\minesweeper-web\app\controllers\HomeController.scala. Using presentation compiler with project's scala-library version: 3.3.6
2025.10.15 10:50:08 INFO  no build target found for C:\Users\Niklas\Studium\Semester8\Web\minesweeper-web\app\controllers\HomeController.scala. Using presentation compiler with project's scala-library version: 3.3.6
2025.10.15 10:50:10 INFO  no build target found for C:\Users\Niklas\Studium\Semester8\Web\minesweeper-web\app\controllers\HomeController.scala. Using presentation compiler with project's scala-library version: 3.3.6
2025.10.15 10:50:11 INFO  no build target found for C:\Users\Niklas\Studium\Semester8\Web\minesweeper-web\app\controllers\HomeController.scala. Using presentation compiler with project's scala-library version: 3.3.6
2025.10.15 10:50:11 WARN  no build target for: C:\Users\Niklas\Studium\Semester8\Web\minesweeper-web\app\controllers\HomeController.scala
2025.10.15 10:50:11 INFO  no build target found for C:\Users\Niklas\Studium\Semester8\Web\minesweeper-web\app\controllers\HomeController.scala. Using presentation compiler with project's scala-library version: 3.3.6
2025.10.15 10:50:11 INFO  no build target found for C:\Users\Niklas\Studium\Semester8\Web\minesweeper-web\app\controllers\HomeController.scala. Using presentation compiler with project's scala-library version: 3.3.6
2025.10.15 10:50:11 INFO  no build target found for C:\Users\Niklas\Studium\Semester8\Web\minesweeper-web\app\controllers\HomeController.scala. Using presentation compiler with project's scala-library version: 3.3.6
2025.10.15 10:50:11 INFO  no build target found for C:\Users\Niklas\Studium\Semester8\Web\minesweeper-web\app\controllers\HomeController.scala. Using presentation compiler with project's scala-library version: 3.3.6
2025.10.15 10:50:11 INFO  no build target found for C:\Users\Niklas\Studium\Semester8\Web\minesweeper-web\app\controllers\HomeController.scala. Using presentation compiler with project's scala-library version: 3.3.6
2025.10.15 10:52:20 WARN  no build target for: C:\Users\Niklas\Studium\Semester8\Web\minesweeper-web\app\controllers\HomeController.scala
2025.10.15 10:52:20 INFO  no build target found for C:\Users\Niklas\Studium\Semester8\Web\minesweeper-web\app\controllers\HomeController.scala. Using presentation compiler with project's scala-library version: 3.3.6
2025.10.15 10:52:20 INFO  no build target found for C:\Users\Niklas\Studium\Semester8\Web\minesweeper-web\app\controllers\HomeController.scala. Using presentation compiler with project's scala-library version: 3.3.6
2025.10.15 10:52:20 INFO  no build target found for C:\Users\Niklas\Studium\Semester8\Web\minesweeper-web\app\controllers\HomeController.scala. Using presentation compiler with project's scala-library version: 3.3.6
2025.10.15 10:52:20 INFO  no build target found for C:\Users\Niklas\Studium\Semester8\Web\minesweeper-web\app\controllers\HomeController.scala. Using presentation compiler with project's scala-library version: 3.3.6
2025.10.15 10:52:23 INFO  no build target found for C:\Users\Niklas\Studium\Semester8\Web\minesweeper-web\app\controllers\HomeController.scala. Using presentation compiler with project's scala-library version: 3.3.6
2025.10.15 10:52:23 INFO  no build target found for C:\Users\Niklas\Studium\Semester8\Web\minesweeper-web\app\controllers\HomeController.scala. Using presentation compiler with project's scala-library version: 3.3.6
2025.10.15 10:52:24 INFO  no build target found for C:\Users\Niklas\Studium\Semester8\Web\minesweeper-web\app\controllers\HomeController.scala. Using presentation compiler with project's scala-library version: 3.3.6
2025.10.15 10:52:24 INFO  no build target found for C:\Users\Niklas\Studium\Semester8\Web\minesweeper-web\app\controllers\HomeController.scala. Using presentation compiler with project's scala-library version: 3.3.6
2025.10.15 10:52:24 INFO  no build target found for C:\Users\Niklas\Studium\Semester8\Web\minesweeper-web\app\controllers\HomeController.scala. Using presentation compiler with project's scala-library version: 3.3.6
2025.10.15 10:52:24 INFO  no build target found for C:\Users\Niklas\Studium\Semester8\Web\minesweeper-web\app\controllers\HomeController.scala. Using presentation compiler with project's scala-library version: 3.3.6
2025.10.15 10:52:26 INFO  no build target found for C:\Users\Niklas\Studium\Semester8\Web\minesweeper-web\app\controllers\HomeController.scala. Using presentation compiler with project's scala-library version: 3.3.6
2025.10.15 10:52:26 WARN  no build target for: C:\Users\Niklas\Studium\Semester8\Web\minesweeper-web\app\controllers\HomeController.scala
2025.10.15 10:52:26 INFO  no build target found for C:\Users\Niklas\Studium\Semester8\Web\minesweeper-web\app\controllers\HomeController.scala. Using presentation compiler with project's scala-library version: 3.3.6
2025.10.15 10:53:05 INFO  no build target found for C:\Users\Niklas\Studium\Semester8\Web\minesweeper-web\app\controllers\HomeController.scala. Using presentation compiler with project's scala-library version: 3.3.6
2025.10.15 10:53:11 INFO  no build target found for C:\Users\Niklas\Studium\Semester8\Web\minesweeper-web\app\controllers\HomeController.scala. Using presentation compiler with project's scala-library version: 3.3.6
2025.10.15 10:56:21 INFO  no build target found for C:\Users\Niklas\Studium\Semester8\Web\minesweeper-web\build.sc. Using presentation compiler with project's scala-library version: 3.3.6
2025.10.15 10:59:45 WARN  no build target for: C:\Users\Niklas\Studium\Semester8\Web\minesweeper-web\build.sbt
2025.10.15 10:59:45 INFO  no build target found for C:\Users\Niklas\Studium\Semester8\Web\minesweeper-web\build.sbt. Using presentation compiler with project's scala-library version: 3.3.6
2025.10.15 10:59:45 INFO  no build target found for C:\Users\Niklas\Studium\Semester8\Web\minesweeper-web\build.sbt. Using presentation compiler with project's scala-library version: 3.3.6
2025.10.15 10:59:45 INFO  no build target found for C:\Users\Niklas\Studium\Semester8\Web\minesweeper-web\build.sbt. Using presentation compiler with project's scala-library version: 3.3.6
2025.10.15 10:59:52 INFO  no build target found for C:\Users\Niklas\Studium\Semester8\Web\minesweeper-web\build.sbt. Using presentation compiler with project's scala-library version: 3.3.6
2025.10.15 10:59:53 INFO  no build target found for C:\Users\Niklas\Studium\Semester8\Web\minesweeper-web\build.sbt. Using presentation compiler with project's scala-library version: 3.3.6
2025.10.15 10:59:53 INFO  no build target found for C:\Users\Niklas\Studium\Semester8\Web\minesweeper-web\build.sbt. Using presentation compiler with project's scala-library version: 3.3.6
2025.10.15 11:11:48 INFO  no build target found for C:\Users\Niklas\Studium\Semester8\Web\minesweeper-web\build.sbt. Using presentation compiler with project's scala-library version: 3.3.6
2025.10.15 11:11:49 INFO  no build target found for C:\Users\Niklas\Studium\Semester8\Web\minesweeper-web\build.sbt. Using presentation compiler with project's scala-library version: 3.3.6
2025.10.15 11:11:49 INFO  no build target found for C:\Users\Niklas\Studium\Semester8\Web\minesweeper-web\build.sbt. Using presentation compiler with project's scala-library version: 3.3.6
2025.10.15 11:11:52 WARN  no build target for: C:\Users\Niklas\Studium\Semester8\Web\minesweeper-web\build.sbt
2025.10.15 11:11:52 INFO  no build target found for C:\Users\Niklas\Studium\Semester8\Web\minesweeper-web\build.sbt. Using presentation compiler with project's scala-library version: 3.3.6
2025.10.15 11:11:52 INFO  no build target found for C:\Users\Niklas\Studium\Semester8\Web\minesweeper-web\build.sbt. Using presentation compiler with project's scala-library version: 3.3.6
2025.10.15 11:11:56 INFO  no build target found for C:\Users\Niklas\Studium\Semester8\Web\minesweeper-web\build.sbt. Using presentation compiler with project's scala-library version: 3.3.6
2025.10.15 11:11:56 INFO  no build target found for C:\Users\Niklas\Studium\Semester8\Web\minesweeper-web\build.sbt. Using presentation compiler with project's scala-library version: 3.3.6
2025.10.15 11:12:00 INFO  no build target found for C:\Users\Niklas\Studium\Semester8\Web\minesweeper-web\build.sbt. Using presentation compiler with project's scala-library version: 3.3.6
2025.10.15 11:12:00 INFO  no build target found for C:\Users\Niklas\Studium\Semester8\Web\minesweeper-web\build.sbt. Using presentation compiler with project's scala-library version: 3.3.6
2025.10.15 11:13:35 WARN  no build target for: C:\Users\Niklas\Studium\Semester8\Web\minesweeper-web\build.sbt
2025.10.15 11:13:35 INFO  no build target found for C:\Users\Niklas\Studium\Semester8\Web\minesweeper-web\build.sbt. Using presentation compiler with project's scala-library version: 3.3.6
2025.10.15 11:13:35 INFO  no build target found for C:\Users\Niklas\Studium\Semester8\Web\minesweeper-web\build.sbt. Using presentation compiler with project's scala-library version: 3.3.6
2025.10.15 11:13:35 INFO  no build target found for C:\Users\Niklas\Studium\Semester8\Web\minesweeper-web\build.sbt. Using presentation compiler with project's scala-library version: 3.3.6
2025.10.15 11:13:35 INFO  no build target found for C:\Users\Niklas\Studium\Semester8\Web\minesweeper-web\build.sbt. Using presentation compiler with project's scala-library version: 3.3.6
2025.10.15 11:13:36 INFO  no build target found for C:\Users\Niklas\Studium\Semester8\Web\minesweeper-web\build.sbt. Using presentation compiler with project's scala-library version: 3.3.6
2025.10.15 11:13:36 INFO  no build target found for C:\Users\Niklas\Studium\Semester8\Web\minesweeper-web\build.sbt. Using presentation compiler with project's scala-library version: 3.3.6
2025.10.15 11:13:38 INFO  no build target found for C:\Users\Niklas\Studium\Semester8\Web\minesweeper-web\build.sbt. Using presentation compiler with project's scala-library version: 3.3.6
2025.10.15 11:13:39 INFO  no build target found for C:\Users\Niklas\Studium\Semester8\Web\minesweeper-web\build.sbt. Using presentation compiler with project's scala-library version: 3.3.6
2025.10.15 11:13:40 INFO  no build target found for C:\Users\Niklas\Studium\Semester8\Web\minesweeper-web\build.sbt. Using presentation compiler with project's scala-library version: 3.3.6
2025.10.15 11:13:39 INFO  no build target found for C:\Users\Niklas\Studium\Semester8\Web\minesweeper-web\build.sbt. Using presentation compiler with project's scala-library version: 3.3.6
2025.10.15 11:13:40 INFO  no build target found for C:\Users\Niklas\Studium\Semester8\Web\minesweeper-web\build.sbt. Using presentation compiler with project's scala-library version: 3.3.6
2025.10.15 11:13:41 INFO  no build target found for C:\Users\Niklas\Studium\Semester8\Web\minesweeper-web\build.sbt. Using presentation compiler with project's scala-library version: 3.3.6
2025.10.15 11:13:41 WARN  no build target for: C:\Users\Niklas\Studium\Semester8\Web\minesweeper-web\build.sbt
2025.10.15 11:13:41 INFO  no build target found for C:\Users\Niklas\Studium\Semester8\Web\minesweeper-web\build.sbt. Using presentation compiler with project's scala-library version: 3.3.6
2025.10.15 11:32:23 WARN  no build target for: C:\Users\Niklas\Studium\Semester8\Web\minesweeper-web\app\controllers\HomeController.scala
2025.10.15 11:32:23 INFO  no build target found for C:\Users\Niklas\Studium\Semester8\Web\minesweeper-web\app\controllers\HomeController.scala. Using presentation compiler with project's scala-library version: 3.3.6
2025.10.15 11:32:23 INFO  no build target found for C:\Users\Niklas\Studium\Semester8\Web\minesweeper-web\app\controllers\HomeController.scala. Using presentation compiler with project's scala-library version: 3.3.6
2025.10.15 11:32:26 INFO  no build target found for C:\Users\Niklas\Studium\Semester8\Web\minesweeper-web\app\controllers\HomeController.scala. Using presentation compiler with project's scala-library version: 3.3.6
2025.10.15 11:32:39 WARN  no build target for: C:\Users\Niklas\Studium\Semester8\Web\minesweeper-web\app\controllers\HomeController.scala
2025.10.15 11:32:39 INFO  no build target found for C:\Users\Niklas\Studium\Semester8\Web\minesweeper-web\app\controllers\HomeController.scala. Using presentation compiler with project's scala-library version: 3.3.6
2025.10.15 11:32:39 INFO  no build target found for C:\Users\Niklas\Studium\Semester8\Web\minesweeper-web\app\controllers\HomeController.scala. Using presentation compiler with project's scala-library version: 3.3.6
2025.10.15 11:32:57 WARN  no build target for: C:\Users\Niklas\Studium\Semester8\Web\minesweeper-web\app\controllers\HomeController.scala
2025.10.15 11:32:57 INFO  no build target found for C:\Users\Niklas\Studium\Semester8\Web\minesweeper-web\app\controllers\HomeController.scala. Using presentation compiler with project's scala-library version: 3.3.6
2025.10.15 11:32:57 INFO  no build target found for C:\Users\Niklas\Studium\Semester8\Web\minesweeper-web\app\controllers\HomeController.scala. Using presentation compiler with project's scala-library version: 3.3.6
2025.10.15 11:38:10 WARN  no build target for: C:\Users\Niklas\Studium\Semester8\Web\minesweeper-web\app\controllers\HomeController.scala
2025.10.15 11:38:10 INFO  no build target found for C:\Users\Niklas\Studium\Semester8\Web\minesweeper-web\app\controllers\HomeController.scala. Using presentation compiler with project's scala-library version: 3.3.6
2025.10.15 11:38:10 INFO  no build target found for C:\Users\Niklas\Studium\Semester8\Web\minesweeper-web\app\controllers\HomeController.scala. Using presentation compiler with project's scala-library version: 3.3.6
2025.10.15 11:38:12 INFO  no build target found for C:\Users\Niklas\Studium\Semester8\Web\minesweeper-web\app\controllers\HomeController.scala. Using presentation compiler with project's scala-library version: 3.3.6
2025.10.15 11:38:12 INFO  no build target found for C:\Users\Niklas\Studium\Semester8\Web\minesweeper-web\app\controllers\HomeController.scala. Using presentation compiler with project's scala-library version: 3.3.6
2025.10.15 11:38:14 INFO  no build target found for C:\Users\Niklas\Studium\Semester8\Web\minesweeper-web\app\controllers\HomeController.scala. Using presentation compiler with project's scala-library version: 3.3.6
2025.10.15 11:38:14 INFO  no build target found for C:\Users\Niklas\Studium\Semester8\Web\minesweeper-web\app\controllers\HomeController.scala. Using presentation compiler with project's scala-library version: 3.3.6
2025.10.15 11:38:14 INFO  no build target found for C:\Users\Niklas\Studium\Semester8\Web\minesweeper-web\app\controllers\HomeController.scala. Using presentation compiler with project's scala-library version: 3.3.6
2025.10.15 11:38:14 WARN  Could not find semantic tokens for: file:///C:/Users/Niklas/Studium/Semester8/Web/minesweeper-web/app/controllers/HomeController.scala
2025.10.15 11:38:14 INFO  no build target found for C:\Users\Niklas\Studium\Semester8\Web\minesweeper-web\app\controllers\HomeController.scala. Using presentation compiler with project's scala-library version: 3.3.6
2025.10.15 11:38:15 INFO  no build target found for C:\Users\Niklas\Studium\Semester8\Web\minesweeper-web\app\controllers\HomeController.scala. Using presentation compiler with project's scala-library version: 3.3.6
2025.10.15 11:38:15 WARN  no build target for: C:\Users\Niklas\Studium\Semester8\Web\minesweeper-web\app\controllers\HomeController.scala
2025.10.15 11:38:15 INFO  no build target found for C:\Users\Niklas\Studium\Semester8\Web\minesweeper-web\app\controllers\HomeController.scala. Using presentation compiler with project's scala-library version: 3.3.6
2025.10.15 11:38:27 INFO  no build target found for C:\Users\Niklas\Studium\Semester8\Web\minesweeper-web\app\controllers\HomeController.scala. Using presentation compiler with project's scala-library version: 3.3.6
2025.10.15 11:38:43 INFO  no build target found for C:\Users\Niklas\Studium\Semester8\Web\minesweeper-web\app\controllers\HomeController.scala. Using presentation compiler with project's scala-library version: 3.3.6
2025.10.15 11:38:43 INFO  no build target found for C:\Users\Niklas\Studium\Semester8\Web\minesweeper-web\app\controllers\HomeController.scala. Using presentation compiler with project's scala-library version: 3.3.6
2025.10.15 11:39:07 INFO  no build target found for C:\Users\Niklas\Studium\Semester8\Web\minesweeper-web\app\controllers\HomeController.scala. Using presentation compiler with project's scala-library version: 3.3.6
2025.10.15 11:39:14 INFO  no build target found for C:\Users\Niklas\Studium\Semester8\Web\minesweeper-web\app\controllers\HomeController.scala. Using presentation compiler with project's scala-library version: 3.3.6
2025.10.15 11:39:33 WARN  no build target for: C:\Users\Niklas\Studium\Semester8\Web\minesweeper-web\build.sbt
2025.10.15 11:39:33 INFO  no build target found for C:\Users\Niklas\Studium\Semester8\Web\minesweeper-web\build.sbt. Using presentation compiler with project's scala-library version: 3.3.6
2025.10.15 11:39:33 INFO  no build target found for C:\Users\Niklas\Studium\Semester8\Web\minesweeper-web\build.sbt. Using presentation compiler with project's scala-library version: 3.3.6
2025.10.15 11:39:34 INFO  no build target found for C:\Users\Niklas\Studium\Semester8\Web\minesweeper-web\build.sbt. Using presentation compiler with project's scala-library version: 3.3.6
2025.10.15 11:39:34 INFO  no build target found for C:\Users\Niklas\Studium\Semester8\Web\minesweeper-web\build.sbt. Using presentation compiler with project's scala-library version: 3.3.6
2025.10.15 11:39:34 INFO  no build target found for C:\Users\Niklas\Studium\Semester8\Web\minesweeper-web\build.sbt. Using presentation compiler with project's scala-library version: 3.3.6
2025.10.15 11:39:35 INFO  no build target found for C:\Users\Niklas\Studium\Semester8\Web\minesweeper-web\build.sbt. Using presentation compiler with project's scala-library version: 3.3.6
2025.10.15 11:39:52 INFO  no build target found for C:\Users\Niklas\Studium\Semester8\Web\minesweeper-web\build.sbt. Using presentation compiler with project's scala-library version: 3.3.6
2025.10.15 11:39:52 WARN  no build target for: C:\Users\Niklas\Studium\Semester8\Web\minesweeper-web\build.sbt
2025.10.15 11:39:52 INFO  no build target found for C:\Users\Niklas\Studium\Semester8\Web\minesweeper-web\build.sbt. Using presentation compiler with project's scala-library version: 3.3.6
2025.10.15 11:42:41 WARN  no build target for: C:\Users\Niklas\Studium\Semester8\Web\minesweeper-web\app\controllers\HomeController.scala
2025.10.15 11:42:41 INFO  no build target found for C:\Users\Niklas\Studium\Semester8\Web\minesweeper-web\app\controllers\HomeController.scala. Using presentation compiler with project's scala-library version: 3.3.6
2025.10.15 11:42:41 INFO  no build target found for C:\Users\Niklas\Studium\Semester8\Web\minesweeper-web\app\controllers\HomeController.scala. Using presentation compiler with project's scala-library version: 3.3.6
2025.10.15 11:42:42 INFO  no build target found for C:\Users\Niklas\Studium\Semester8\Web\minesweeper-web\app\controllers\HomeController.scala. Using presentation compiler with project's scala-library version: 3.3.6
2025.10.15 11:42:44 INFO  no build target found for C:\Users\Niklas\Studium\Semester8\Web\minesweeper-web\app\controllers\HomeController.scala. Using presentation compiler with project's scala-library version: 3.3.6
2025.10.15 11:42:46 INFO  no build target found for C:\Users\Niklas\Studium\Semester8\Web\minesweeper-web\app\controllers\HomeController.scala. Using presentation compiler with project's scala-library version: 3.3.6
2025.10.15 11:42:46 INFO  no build target found for C:\Users\Niklas\Studium\Semester8\Web\minesweeper-web\app\controllers\HomeController.scala. Using presentation compiler with project's scala-library version: 3.3.6
2025.10.15 11:42:47 INFO  no build target found for C:\Users\Niklas\Studium\Semester8\Web\minesweeper-web\app\controllers\HomeController.scala. Using presentation compiler with project's scala-library version: 3.3.6
2025.10.15 11:42:49 INFO  no build target found for C:\Users\Niklas\Studium\Semester8\Web\minesweeper-web\app\controllers\HomeController.scala. Using presentation compiler with project's scala-library version: 3.3.6
2025.10.15 11:42:51 INFO  no build target found for C:\Users\Niklas\Studium\Semester8\Web\minesweeper-web\app\controllers\HomeController.scala. Using presentation compiler with project's scala-library version: 3.3.6
2025.10.15 11:42:51 INFO  no build target found for C:\Users\Niklas\Studium\Semester8\Web\minesweeper-web\app\controllers\HomeController.scala. Using presentation compiler with project's scala-library version: 3.3.6
2025.10.15 11:42:51 INFO  no build target found for C:\Users\Niklas\Studium\Semester8\Web\minesweeper-web\app\controllers\HomeController.scala. Using presentation compiler with project's scala-library version: 3.3.6
2025.10.15 11:42:53 INFO  no build target found for C:\Users\Niklas\Studium\Semester8\Web\minesweeper-web\app\controllers\HomeController.scala. Using presentation compiler with project's scala-library version: 3.3.6
2025.10.15 11:42:54 INFO  no build target found for C:\Users\Niklas\Studium\Semester8\Web\minesweeper-web\app\controllers\HomeController.scala. Using presentation compiler with project's scala-library version: 3.3.6
2025.10.15 11:42:53 INFO  no build target found for C:\Users\Niklas\Studium\Semester8\Web\minesweeper-web\app\controllers\HomeController.scala. Using presentation compiler with project's scala-library version: 3.3.6
2025.10.15 11:42:53 INFO  no build target found for C:\Users\Niklas\Studium\Semester8\Web\minesweeper-web\app\controllers\HomeController.scala. Using presentation compiler with project's scala-library version: 3.3.6
2025.10.15 11:42:54 INFO  no build target found for C:\Users\Niklas\Studium\Semester8\Web\minesweeper-web\app\controllers\HomeController.scala. Using presentation compiler with project's scala-library version: 3.3.6
2025.10.15 11:42:54 INFO  no build target found for C:\Users\Niklas\Studium\Semester8\Web\minesweeper-web\app\controllers\HomeController.scala. Using presentation compiler with project's scala-library version: 3.3.6
2025.10.15 11:42:54 INFO  no build target found for C:\Users\Niklas\Studium\Semester8\Web\minesweeper-web\app\controllers\HomeController.scala. Using presentation compiler with project's scala-library version: 3.3.6
2025.10.15 11:42:55 INFO  no build target found for C:\Users\Niklas\Studium\Semester8\Web\minesweeper-web\app\controllers\HomeController.scala. Using presentation compiler with project's scala-library version: 3.3.6
2025.10.15 11:42:55 WARN  no build target for: C:\Users\Niklas\Studium\Semester8\Web\minesweeper-web\app\controllers\HomeController.scala
2025.10.15 11:42:55 INFO  no build target found for C:\Users\Niklas\Studium\Semester8\Web\minesweeper-web\app\controllers\HomeController.scala. Using presentation compiler with project's scala-library version: 3.3.6
2025.10.15 11:43:59 INFO  no build target found for C:\Users\Niklas\Studium\Semester8\Web\minesweeper-web\app\controllers\HomeController.scala. Using presentation compiler with project's scala-library version: 3.3.6
2025.10.15 11:44:38 INFO  no build target found for C:\Users\Niklas\Studium\Semester8\Web\minesweeper-web\app\controllers\HomeController.scala. Using presentation compiler with project's scala-library version: 3.3.6
2025.10.15 11:44:39 INFO  no build target found for C:\Users\Niklas\Studium\Semester8\Web\minesweeper-web\app\controllers\HomeController.scala. Using presentation compiler with project's scala-library version: 3.3.6
2025.10.15 11:44:52 INFO  no build target found for C:\Users\Niklas\Studium\Semester8\Web\minesweeper-web\app\controllers\HomeController.scala. Using presentation compiler with project's scala-library version: 3.3.6
2025.10.15 11:45:02 INFO  no build target found for C:\Users\Niklas\Studium\Semester8\Web\minesweeper-web\app\controllers\HomeController.scala. Using presentation compiler with project's scala-library version: 3.3.6
2025.10.15 11:45:04 INFO  no build target found for C:\Users\Niklas\Studium\Semester8\Web\minesweeper-web\app\controllers\HomeController.scala. Using presentation compiler with project's scala-library version: 3.3.6
2025.10.15 11:45:04 INFO  no build target found for C:\Users\Niklas\Studium\Semester8\Web\minesweeper-web\app\controllers\HomeController.scala. Using presentation compiler with project's scala-library version: 3.3.6
2025.10.15 11:45:04 INFO  no build target found for C:\Users\Niklas\Studium\Semester8\Web\minesweeper-web\app\controllers\HomeController.scala. Using presentation compiler with project's scala-library version: 3.3.6
2025.10.15 11:45:05 INFO  no build target found for C:\Users\Niklas\Studium\Semester8\Web\minesweeper-web\app\controllers\HomeController.scala. Using presentation compiler with project's scala-library version: 3.3.6
2025.10.15 11:45:05 INFO  no build target found for C:\Users\Niklas\Studium\Semester8\Web\minesweeper-web\app\controllers\HomeController.scala. Using presentation compiler with project's scala-library version: 3.3.6
2025.10.15 11:45:05 INFO  no build target found for C:\Users\Niklas\Studium\Semester8\Web\minesweeper-web\app\controllers\HomeController.scala. Using presentation compiler with project's scala-library version: 3.3.6
2025.10.15 11:45:07 INFO  no build target found for C:\Users\Niklas\Studium\Semester8\Web\minesweeper-web\app\controllers\HomeController.scala. Using presentation compiler with project's scala-library version: 3.3.6
2025.10.15 11:45:07 INFO  no build target found for C:\Users\Niklas\Studium\Semester8\Web\minesweeper-web\app\controllers\HomeController.scala. Using presentation compiler with project's scala-library version: 3.3.6
2025.10.15 11:45:07 INFO  no build target found for C:\Users\Niklas\Studium\Semester8\Web\minesweeper-web\app\controllers\HomeController.scala. Using presentation compiler with project's scala-library version: 3.3.6
2025.10.15 11:45:07 INFO  no build target found for C:\Users\Niklas\Studium\Semester8\Web\minesweeper-web\app\controllers\HomeController.scala. Using presentation compiler with project's scala-library version: 3.3.6
2025.10.15 11:45:07 INFO  no build target found for C:\Users\Niklas\Studium\Semester8\Web\minesweeper-web\app\controllers\HomeController.scala. Using presentation compiler with project's scala-library version: 3.3.6
2025.10.15 11:45:07 INFO  no build target found for C:\Users\Niklas\Studium\Semester8\Web\minesweeper-web\app\controllers\HomeController.scala. Using presentation compiler with project's scala-library version: 3.3.6
2025.10.15 11:45:08 INFO  no build target found for C:\Users\Niklas\Studium\Semester8\Web\minesweeper-web\app\controllers\HomeController.scala. Using presentation compiler with project's scala-library version: 3.3.6
2025.10.15 11:45:08 INFO  no build target found for C:\Users\Niklas\Studium\Semester8\Web\minesweeper-web\app\controllers\HomeController.scala. Using presentation compiler with project's scala-library version: 3.3.6
2025.10.15 11:45:08 INFO  no build target found for C:\Users\Niklas\Studium\Semester8\Web\minesweeper-web\app\controllers\HomeController.scala. Using presentation compiler with project's scala-library version: 3.3.6
2025.10.15 11:45:08 INFO  no build target found for C:\Users\Niklas\Studium\Semester8\Web\minesweeper-web\app\controllers\HomeController.scala. Using presentation compiler with project's scala-library version: 3.3.6
2025.10.15 11:45:08 INFO  no build target found for C:\Users\Niklas\Studium\Semester8\Web\minesweeper-web\app\controllers\HomeController.scala. Using presentation compiler with project's scala-library version: 3.3.6
2025.10.15 11:45:08 INFO  no build target found for C:\Users\Niklas\Studium\Semester8\Web\minesweeper-web\app\controllers\HomeController.scala. Using presentation compiler with project's scala-library version: 3.3.6
2025.10.15 11:45:08 INFO  no build target found for C:\Users\Niklas\Studium\Semester8\Web\minesweeper-web\app\controllers\HomeController.scala. Using presentation compiler with project's scala-library version: 3.3.6
2025.10.15 11:45:08 INFO  no build target found for C:\Users\Niklas\Studium\Semester8\Web\minesweeper-web\app\controllers\HomeController.scala. Using presentation compiler with project's scala-library version: 3.3.6
2025.10.15 11:45:09 INFO  no build target found for C:\Users\Niklas\Studium\Semester8\Web\minesweeper-web\app\controllers\HomeController.scala. Using presentation compiler with project's scala-library version: 3.3.6
2025.10.15 11:45:09 INFO  no build target found for C:\Users\Niklas\Studium\Semester8\Web\minesweeper-web\app\controllers\HomeController.scala. Using presentation compiler with project's scala-library version: 3.3.6
2025.10.15 11:45:10 INFO  no build target found for C:\Users\Niklas\Studium\Semester8\Web\minesweeper-web\app\controllers\HomeController.scala. Using presentation compiler with project's scala-library version: 3.3.6
2025.10.15 11:45:10 INFO  no build target found for C:\Users\Niklas\Studium\Semester8\Web\minesweeper-web\app\controllers\HomeController.scala. Using presentation compiler with project's scala-library version: 3.3.6
2025.10.15 11:45:10 INFO  no build target found for C:\Users\Niklas\Studium\Semester8\Web\minesweeper-web\app\controllers\HomeController.scala. Using presentation compiler with project's scala-library version: 3.3.6
2025.10.15 11:45:16 INFO  no build target found for C:\Users\Niklas\Studium\Semester8\Web\minesweeper-web\app\controllers\HomeController.scala. Using presentation compiler with project's scala-library version: 3.3.6
2025.10.15 11:45:16 INFO  no build target found for C:\Users\Niklas\Studium\Semester8\Web\minesweeper-web\app\controllers\HomeController.scala. Using presentation compiler with project's scala-library version: 3.3.6
2025.10.15 11:45:16 INFO  no build target found for C:\Users\Niklas\Studium\Semester8\Web\minesweeper-web\app\controllers\HomeController.scala. Using presentation compiler with project's scala-library version: 3.3.6
2025.10.15 11:45:16 INFO  no build target found for C:\Users\Niklas\Studium\Semester8\Web\minesweeper-web\app\controllers\HomeController.scala. Using presentation compiler with project's scala-library version: 3.3.6
2025.10.15 11:45:16 INFO  no build target found for C:\Users\Niklas\Studium\Semester8\Web\minesweeper-web\app\controllers\HomeController.scala. Using presentation compiler with project's scala-library version: 3.3.6
2025.10.15 11:45:16 INFO  no build target found for C:\Users\Niklas\Studium\Semester8\Web\minesweeper-web\app\controllers\HomeController.scala. Using presentation compiler with project's scala-library version: 3.3.6
2025.10.15 11:45:16 INFO  no build target found for C:\Users\Niklas\Studium\Semester8\Web\minesweeper-web\app\controllers\HomeController.scala. Using presentation compiler with project's scala-library version: 3.3.6
2025.10.15 11:45:16 INFO  no build target found for C:\Users\Niklas\Studium\Semester8\Web\minesweeper-web\app\controllers\HomeController.scala. Using presentation compiler with project's scala-library version: 3.3.6
2025.10.15 11:45:16 INFO  no build target found for C:\Users\Niklas\Studium\Semester8\Web\minesweeper-web\app\controllers\HomeController.scala. Using presentation compiler with project's scala-library version: 3.3.6
2025.10.15 11:45:16 INFO  no build target found for C:\Users\Niklas\Studium\Semester8\Web\minesweeper-web\app\controllers\HomeController.scala. Using presentation compiler with project's scala-library version: 3.3.6
2025.10.15 11:45:16 INFO  no build target found for C:\Users\Niklas\Studium\Semester8\Web\minesweeper-web\app\controllers\HomeController.scala. Using presentation compiler with project's scala-library version: 3.3.6
2025.10.15 11:45:16 INFO  no build target found for C:\Users\Niklas\Studium\Semester8\Web\minesweeper-web\app\controllers\HomeController.scala. Using presentation compiler with project's scala-library version: 3.3.6
2025.10.15 11:45:16 INFO  no build target found for C:\Users\Niklas\Studium\Semester8\Web\minesweeper-web\app\controllers\HomeController.scala. Using presentation compiler with project's scala-library version: 3.3.6
2025.10.15 11:45:17 INFO  no build target found for C:\Users\Niklas\Studium\Semester8\Web\minesweeper-web\app\controllers\HomeController.scala. Using presentation compiler with project's scala-library version: 3.3.6
2025.10.15 11:45:16 INFO  no build target found for C:\Users\Niklas\Studium\Semester8\Web\minesweeper-web\app\controllers\HomeController.scala. Using presentation compiler with project's scala-library version: 3.3.6
2025.10.15 11:45:17 INFO  no build target found for C:\Users\Niklas\Studium\Semester8\Web\minesweeper-web\app\controllers\HomeController.scala. Using presentation compiler with project's scala-library version: 3.3.6
2025.10.15 11:45:17 INFO  no build target found for C:\Users\Niklas\Studium\Semester8\Web\minesweeper-web\app\controllers\HomeController.scala. Using presentation compiler with project's scala-library version: 3.3.6
2025.10.15 11:45:16 INFO  no build target found for C:\Users\Niklas\Studium\Semester8\Web\minesweeper-web\app\controllers\HomeController.scala. Using presentation compiler with project's scala-library version: 3.3.6
2025.10.15 11:45:17 INFO  no build target found for C:\Users\Niklas\Studium\Semester8\Web\minesweeper-web\app\controllers\HomeController.scala. Using presentation compiler with project's scala-library version: 3.3.6
2025.10.15 11:45:17 INFO  no build target found for C:\Users\Niklas\Studium\Semester8\Web\minesweeper-web\app\controllers\HomeController.scala. Using presentation compiler with project's scala-library version: 3.3.6
2025.10.15 11:45:17 INFO  no build target found for C:\Users\Niklas\Studium\Semester8\Web\minesweeper-web\app\controllers\HomeController.scala. Using presentation compiler with project's scala-library version: 3.3.6
2025.10.15 11:45:17 INFO  no build target found for C:\Users\Niklas\Studium\Semester8\Web\minesweeper-web\app\controllers\HomeController.scala. Using presentation compiler with project's scala-library version: 3.3.6
2025.10.15 11:45:17 INFO  no build target found for C:\Users\Niklas\Studium\Semester8\Web\minesweeper-web\app\controllers\HomeController.scala. Using presentation compiler with project's scala-library version: 3.3.6
2025.10.15 11:45:18 INFO  no build target found for C:\Users\Niklas\Studium\Semester8\Web\minesweeper-web\app\controllers\HomeController.scala. Using presentation compiler with project's scala-library version: 3.3.6
2025.10.15 11:45:18 INFO  no build target found for C:\Users\Niklas\Studium\Semester8\Web\minesweeper-web\app\controllers\HomeController.scala. Using presentation compiler with project's scala-library version: 3.3.6
2025.10.15 11:45:19 INFO  no build target found for C:\Users\Niklas\Studium\Semester8\Web\minesweeper-web\app\controllers\HomeController.scala. Using presentation compiler with project's scala-library version: 3.3.6
2025.10.15 11:45:19 INFO  no build target found for C:\Users\Niklas\Studium\Semester8\Web\minesweeper-web\app\controllers\HomeController.scala. Using presentation compiler with project's scala-library version: 3.3.6
2025.10.15 11:45:19 INFO  no build target found for C:\Users\Niklas\Studium\Semester8\Web\minesweeper-web\app\controllers\HomeController.scala. Using presentation compiler with project's scala-library version: 3.3.6
2025.10.15 11:45:19 INFO  no build target found for C:\Users\Niklas\Studium\Semester8\Web\minesweeper-web\app\controllers\HomeController.scala. Using presentation compiler with project's scala-library version: 3.3.6
2025.10.15 11:45:19 INFO  no build target found for C:\Users\Niklas\Studium\Semester8\Web\minesweeper-web\app\controllers\HomeController.scala. Using presentation compiler with project's scala-library version: 3.3.6
2025.10.15 11:45:20 INFO  no build target found for C:\Users\Niklas\Studium\Semester8\Web\minesweeper-web\app\controllers\HomeController.scala. Using presentation compiler with project's scala-library version: 3.3.6
2025.10.15 11:45:19 INFO  no build target found for C:\Users\Niklas\Studium\Semester8\Web\minesweeper-web\app\controllers\HomeController.scala. Using presentation compiler with project's scala-library version: 3.3.6
2025.10.15 11:45:20 INFO  no build target found for C:\Users\Niklas\Studium\Semester8\Web\minesweeper-web\app\controllers\HomeController.scala. Using presentation compiler with project's scala-library version: 3.3.6
2025.10.15 11:45:20 INFO  no build target found for C:\Users\Niklas\Studium\Semester8\Web\minesweeper-web\app\controllers\HomeController.scala. Using presentation compiler with project's scala-library version: 3.3.6
2025.10.15 11:45:20 INFO  no build target found for C:\Users\Niklas\Studium\Semester8\Web\minesweeper-web\app\controllers\HomeController.scala. Using presentation compiler with project's scala-library version: 3.3.6
2025.10.15 11:45:20 INFO  no build target found for C:\Users\Niklas\Studium\Semester8\Web\minesweeper-web\app\controllers\HomeController.scala. Using presentation compiler with project's scala-library version: 3.3.6
2025.10.15 11:45:20 INFO  no build target found for C:\Users\Niklas\Studium\Semester8\Web\minesweeper-web\app\controllers\HomeController.scala. Using presentation compiler with project's scala-library version: 3.3.6
2025.10.15 11:45:20 INFO  no build target found for C:\Users\Niklas\Studium\Semester8\Web\minesweeper-web\app\controllers\HomeController.scala. Using presentation compiler with project's scala-library version: 3.3.6
2025.10.15 11:45:21 INFO  no build target found for C:\Users\Niklas\Studium\Semester8\Web\minesweeper-web\app\controllers\HomeController.scala. Using presentation compiler with project's scala-library version: 3.3.6
2025.10.15 11:45:21 INFO  no build target found for C:\Users\Niklas\Studium\Semester8\Web\minesweeper-web\app\controllers\HomeController.scala. Using presentation compiler with project's scala-library version: 3.3.6
2025.10.15 11:45:21 INFO  no build target found for C:\Users\Niklas\Studium\Semester8\Web\minesweeper-web\app\controllers\HomeController.scala. Using presentation compiler with project's scala-library version: 3.3.6
2025.10.15 11:45:22 INFO  no build target found for C:\Users\Niklas\Studium\Semester8\Web\minesweeper-web\app\controllers\HomeController.scala. Using presentation compiler with project's scala-library version: 3.3.6
2025.10.15 11:45:22 INFO  no build target found for C:\Users\Niklas\Studium\Semester8\Web\minesweeper-web\app\controllers\HomeController.scala. Using presentation compiler with project's scala-library version: 3.3.6
2025.10.15 11:45:24 INFO  no build target found for C:\Users\Niklas\Studium\Semester8\Web\minesweeper-web\app\controllers\HomeController.scala. Using presentation compiler with project's scala-library version: 3.3.6
2025.10.15 11:45:24 WARN  no build target for: C:\Users\Niklas\Studium\Semester8\Web\minesweeper-web\app\controllers\HomeController.scala
2025.10.15 11:45:24 INFO  no build target found for C:\Users\Niklas\Studium\Semester8\Web\minesweeper-web\app\controllers\HomeController.scala. Using presentation compiler with project's scala-library version: 3.3.6
2025.10.15 11:45:25 INFO  no build target found for C:\Users\Niklas\Studium\Semester8\Web\minesweeper-web\app\controllers\HomeController.scala. Using presentation compiler with project's scala-library version: 3.3.6
2025.10.15 11:45:25 INFO  no build target found for C:\Users\Niklas\Studium\Semester8\Web\minesweeper-web\app\controllers\HomeController.scala. Using presentation compiler with project's scala-library version: 3.3.6
2025.10.15 11:45:27 INFO  no build target found for C:\Users\Niklas\Studium\Semester8\Web\minesweeper-web\app\controllers\HomeController.scala. Using presentation compiler with project's scala-library version: 3.3.6
2025.10.15 11:45:27 INFO  no build target found for C:\Users\Niklas\Studium\Semester8\Web\minesweeper-web\app\controllers\HomeController.scala. Using presentation compiler with project's scala-library version: 3.3.6
2025.10.15 11:45:29 INFO  no build target found for C:\Users\Niklas\Studium\Semester8\Web\minesweeper-web\app\controllers\HomeController.scala. Using presentation compiler with project's scala-library version: 3.3.6
2025.10.15 11:45:29 INFO  no build target found for C:\Users\Niklas\Studium\Semester8\Web\minesweeper-web\app\controllers\HomeController.scala. Using presentation compiler with project's scala-library version: 3.3.6
2025.10.15 11:45:30 INFO  no build target found for C:\Users\Niklas\Studium\Semester8\Web\minesweeper-web\app\controllers\HomeController.scala. Using presentation compiler with project's scala-library version: 3.3.6
2025.10.15 11:45:32 INFO  no build target found for C:\Users\Niklas\Studium\Semester8\Web\minesweeper-web\app\controllers\HomeController.scala. Using presentation compiler with project's scala-library version: 3.3.6
2025.10.15 11:45:33 INFO  no build target found for C:\Users\Niklas\Studium\Semester8\Web\minesweeper-web\app\controllers\HomeController.scala. Using presentation compiler with project's scala-library version: 3.3.6
2025.10.15 11:45:34 INFO  no build target found for C:\Users\Niklas\Studium\Semester8\Web\minesweeper-web\app\controllers\HomeController.scala. Using presentation compiler with project's scala-library version: 3.3.6
2025.10.15 11:45:37 INFO  no build target found for C:\Users\Niklas\Studium\Semester8\Web\minesweeper-web\app\controllers\HomeController.scala. Using presentation compiler with project's scala-library version: 3.3.6
2025.10.15 11:45:37 INFO  no build target found for C:\Users\Niklas\Studium\Semester8\Web\minesweeper-web\app\controllers\HomeController.scala. Using presentation compiler with project's scala-library version: 3.3.6
2025.10.15 11:45:37 INFO  no build target found for C:\Users\Niklas\Studium\Semester8\Web\minesweeper-web\app\controllers\HomeController.scala. Using presentation compiler with project's scala-library version: 3.3.6
2025.10.15 11:45:38 INFO  no build target found for C:\Users\Niklas\Studium\Semester8\Web\minesweeper-web\app\controllers\HomeController.scala. Using presentation compiler with project's scala-library version: 3.3.6
2025.10.15 11:45:38 INFO  no build target found for C:\Users\Niklas\Studium\Semester8\Web\minesweeper-web\app\controllers\HomeController.scala. Using presentation compiler with project's scala-library version: 3.3.6
2025.10.15 11:45:38 INFO  no build target found for C:\Users\Niklas\Studium\Semester8\Web\minesweeper-web\app\controllers\HomeController.scala. Using presentation compiler with project's scala-library version: 3.3.6
2025.10.15 11:45:38 INFO  no build target found for C:\Users\Niklas\Studium\Semester8\Web\minesweeper-web\app\controllers\HomeController.scala. Using presentation compiler with project's scala-library version: 3.3.6
2025.10.15 11:45:39 INFO  no build target found for C:\Users\Niklas\Studium\Semester8\Web\minesweeper-web\app\controllers\HomeController.scala. Using presentation compiler with project's scala-library version: 3.3.6
2025.10.15 11:45:39 INFO  no build target found for C:\Users\Niklas\Studium\Semester8\Web\minesweeper-web\app\controllers\HomeController.scala. Using presentation compiler with project's scala-library version: 3.3.6
2025.10.15 11:45:39 INFO  no build target found for C:\Users\Niklas\Studium\Semester8\Web\minesweeper-web\app\controllers\HomeController.scala. Using presentation compiler with project's scala-library version: 3.3.6
2025.10.15 11:45:39 INFO  no build target found for C:\Users\Niklas\Studium\Semester8\Web\minesweeper-web\app\controllers\HomeController.scala. Using presentation compiler with project's scala-library version: 3.3.6
2025.10.15 11:45:39 INFO  no build target found for C:\Users\Niklas\Studium\Semester8\Web\minesweeper-web\app\controllers\HomeController.scala. Using presentation compiler with project's scala-library version: 3.3.6
2025.10.15 11:45:39 INFO  no build target found for C:\Users\Niklas\Studium\Semester8\Web\minesweeper-web\app\controllers\HomeController.scala. Using presentation compiler with project's scala-library version: 3.3.6
2025.10.15 11:45:39 INFO  no build target found for C:\Users\Niklas\Studium\Semester8\Web\minesweeper-web\app\controllers\HomeController.scala. Using presentation compiler with project's scala-library version: 3.3.6
2025.10.15 11:45:39 INFO  no build target found for C:\Users\Niklas\Studium\Semester8\Web\minesweeper-web\app\controllers\HomeController.scala. Using presentation compiler with project's scala-library version: 3.3.6
2025.10.15 11:45:40 INFO  no build target found for C:\Users\Niklas\Studium\Semester8\Web\minesweeper-web\app\controllers\HomeController.scala. Using presentation compiler with project's scala-library version: 3.3.6
2025.10.15 11:45:39 INFO  no build target found for C:\Users\Niklas\Studium\Semester8\Web\minesweeper-web\app\controllers\HomeController.scala. Using presentation compiler with project's scala-library version: 3.3.6
2025.10.15 11:45:40 INFO  no build target found for C:\Users\Niklas\Studium\Semester8\Web\minesweeper-web\app\controllers\HomeController.scala. Using presentation compiler with project's scala-library version: 3.3.6
2025.10.15 11:45:40 INFO  no build target found for C:\Users\Niklas\Studium\Semester8\Web\minesweeper-web\app\controllers\HomeController.scala. Using presentation compiler with project's scala-library version: 3.3.6
2025.10.15 11:45:40 INFO  no build target found for C:\Users\Niklas\Studium\Semester8\Web\minesweeper-web\app\controllers\HomeController.scala. Using presentation compiler with project's scala-library version: 3.3.6
2025.10.15 11:45:40 INFO  no build target found for C:\Users\Niklas\Studium\Semester8\Web\minesweeper-web\app\controllers\HomeController.scala. Using presentation compiler with project's scala-library version: 3.3.6
2025.10.15 11:45:41 INFO  no build target found for C:\Users\Niklas\Studium\Semester8\Web\minesweeper-web\app\controllers\HomeController.scala. Using presentation compiler with project's scala-library version: 3.3.6
2025.10.15 11:45:41 INFO  no build target found for C:\Users\Niklas\Studium\Semester8\Web\minesweeper-web\app\controllers\HomeController.scala. Using presentation compiler with project's scala-library version: 3.3.6
2025.10.15 11:45:41 INFO  no build target found for C:\Users\Niklas\Studium\Semester8\Web\minesweeper-web\app\controllers\HomeController.scala. Using presentation compiler with project's scala-library version: 3.3.6
2025.10.15 11:45:41 INFO  no build target found for C:\Users\Niklas\Studium\Semester8\Web\minesweeper-web\app\controllers\HomeController.scala. Using presentation compiler with project's scala-library version: 3.3.6
2025.10.15 11:45:41 INFO  no build target found for C:\Users\Niklas\Studium\Semester8\Web\minesweeper-web\app\controllers\HomeController.scala. Using presentation compiler with project's scala-library version: 3.3.6
2025.10.15 11:45:42 INFO  no build target found for C:\Users\Niklas\Studium\Semester8\Web\minesweeper-web\app\controllers\HomeController.scala. Using presentation compiler with project's scala-library version: 3.3.6
2025.10.15 11:45:43 INFO  no build target found for C:\Users\Niklas\Studium\Semester8\Web\minesweeper-web\app\controllers\HomeController.scala. Using presentation compiler with project's scala-library version: 3.3.6
2025.10.15 11:45:43 INFO  no build target found for C:\Users\Niklas\Studium\Semester8\Web\minesweeper-web\app\controllers\HomeController.scala. Using presentation compiler with project's scala-library version: 3.3.6
2025.10.15 11:45:43 INFO  no build target found for C:\Users\Niklas\Studium\Semester8\Web\minesweeper-web\app\controllers\HomeController.scala. Using presentation compiler with project's scala-library version: 3.3.6
2025.10.15 11:45:43 INFO  no build target found for C:\Users\Niklas\Studium\Semester8\Web\minesweeper-web\app\controllers\HomeController.scala. Using presentation compiler with project's scala-library version: 3.3.6
2025.10.15 11:45:43 INFO  no build target found for C:\Users\Niklas\Studium\Semester8\Web\minesweeper-web\app\controllers\HomeController.scala. Using presentation compiler with project's scala-library version: 3.3.6
2025.10.15 11:45:43 INFO  no build target found for C:\Users\Niklas\Studium\Semester8\Web\minesweeper-web\app\controllers\HomeController.scala. Using presentation compiler with project's scala-library version: 3.3.6
2025.10.15 11:45:43 INFO  no build target found for C:\Users\Niklas\Studium\Semester8\Web\minesweeper-web\app\controllers\HomeController.scala. Using presentation compiler with project's scala-library version: 3.3.6
2025.10.15 11:45:45 INFO  no build target found for C:\Users\Niklas\Studium\Semester8\Web\minesweeper-web\app\controllers\HomeController.scala. Using presentation compiler with project's scala-library version: 3.3.6
2025.10.15 11:45:45 INFO  no build target found for C:\Users\Niklas\Studium\Semester8\Web\minesweeper-web\app\controllers\HomeController.scala. Using presentation compiler with project's scala-library version: 3.3.6
2025.10.15 11:45:45 INFO  no build target found for C:\Users\Niklas\Studium\Semester8\Web\minesweeper-web\app\controllers\HomeController.scala. Using presentation compiler with project's scala-library version: 3.3.6
2025.10.15 11:45:45 INFO  no build target found for C:\Users\Niklas\Studium\Semester8\Web\minesweeper-web\app\controllers\HomeController.scala. Using presentation compiler with project's scala-library version: 3.3.6
2025.10.15 11:45:45 INFO  no build target found for C:\Users\Niklas\Studium\Semester8\Web\minesweeper-web\app\controllers\HomeController.scala. Using presentation compiler with project's scala-library version: 3.3.6
2025.10.15 11:45:46 INFO  no build target found for C:\Users\Niklas\Studium\Semester8\Web\minesweeper-web\app\controllers\HomeController.scala. Using presentation compiler with project's scala-library version: 3.3.6
2025.10.15 11:45:46 INFO  no build target found for C:\Users\Niklas\Studium\Semester8\Web\minesweeper-web\app\controllers\HomeController.scala. Using presentation compiler with project's scala-library version: 3.3.6
2025.10.15 11:45:46 INFO  no build target found for C:\Users\Niklas\Studium\Semester8\Web\minesweeper-web\app\controllers\HomeController.scala. Using presentation compiler with project's scala-library version: 3.3.6
2025.10.15 11:45:46 INFO  no build target found for C:\Users\Niklas\Studium\Semester8\Web\minesweeper-web\app\controllers\HomeController.scala. Using presentation compiler with project's scala-library version: 3.3.6
2025.10.15 11:45:46 INFO  no build target found for C:\Users\Niklas\Studium\Semester8\Web\minesweeper-web\app\controllers\HomeController.scala. Using presentation compiler with project's scala-library version: 3.3.6
2025.10.15 11:45:46 INFO  no build target found for C:\Users\Niklas\Studium\Semester8\Web\minesweeper-web\app\controllers\HomeController.scala. Using presentation compiler with project's scala-library version: 3.3.6
2025.10.15 11:45:46 INFO  no build target found for C:\Users\Niklas\Studium\Semester8\Web\minesweeper-web\app\controllers\HomeController.scala. Using presentation compiler with project's scala-library version: 3.3.6
2025.10.15 11:45:46 INFO  no build target found for C:\Users\Niklas\Studium\Semester8\Web\minesweeper-web\app\controllers\HomeController.scala. Using presentation compiler with project's scala-library version: 3.3.6
2025.10.15 11:45:46 INFO  no build target found for C:\Users\Niklas\Studium\Semester8\Web\minesweeper-web\app\controllers\HomeController.scala. Using presentation compiler with project's scala-library version: 3.3.6
2025.10.15 11:45:46 INFO  no build target found for C:\Users\Niklas\Studium\Semester8\Web\minesweeper-web\app\controllers\HomeController.scala. Using presentation compiler with project's scala-library version: 3.3.6
2025.10.15 11:45:46 INFO  no build target found for C:\Users\Niklas\Studium\Semester8\Web\minesweeper-web\app\controllers\HomeController.scala. Using presentation compiler with project's scala-library version: 3.3.6
2025.10.15 11:45:46 INFO  no build target found for C:\Users\Niklas\Studium\Semester8\Web\minesweeper-web\app\controllers\HomeController.scala. Using presentation compiler with project's scala-library version: 3.3.6
2025.10.15 11:45:47 INFO  no build target found for C:\Users\Niklas\Studium\Semester8\Web\minesweeper-web\app\controllers\HomeController.scala. Using presentation compiler with project's scala-library version: 3.3.6
2025.10.15 11:45:46 INFO  no build target found for C:\Users\Niklas\Studium\Semester8\Web\minesweeper-web\app\controllers\HomeController.scala. Using presentation compiler with project's scala-library version: 3.3.6
2025.10.15 11:45:46 INFO  no build target found for C:\Users\Niklas\Studium\Semester8\Web\minesweeper-web\app\controllers\HomeController.scala. Using presentation compiler with project's scala-library version: 3.3.6
2025.10.15 11:45:46 INFO  no build target found for C:\Users\Niklas\Studium\Semester8\Web\minesweeper-web\app\controllers\HomeController.scala. Using presentation compiler with project's scala-library version: 3.3.6
2025.10.15 11:45:46 INFO  no build target found for C:\Users\Niklas\Studium\Semester8\Web\minesweeper-web\app\controllers\HomeController.scala. Using presentation compiler with project's scala-library version: 3.3.6
2025.10.15 11:45:46 INFO  no build target found for C:\Users\Niklas\Studium\Semester8\Web\minesweeper-web\app\controllers\HomeController.scala. Using presentation compiler with project's scala-library version: 3.3.6
2025.10.15 11:45:46 INFO  no build target found for C:\Users\Niklas\Studium\Semester8\Web\minesweeper-web\app\controllers\HomeController.scala. Using presentation compiler with project's scala-library version: 3.3.6
2025.10.15 11:45:47 INFO  no build target found for C:\Users\Niklas\Studium\Semester8\Web\minesweeper-web\app\controllers\HomeController.scala. Using presentation compiler with project's scala-library version: 3.3.6
2025.10.15 11:45:47 INFO  no build target found for C:\Users\Niklas\Studium\Semester8\Web\minesweeper-web\app\controllers\HomeController.scala. Using presentation compiler with project's scala-library version: 3.3.6
2025.10.15 11:45:47 INFO  no build target found for C:\Users\Niklas\Studium\Semester8\Web\minesweeper-web\app\controllers\HomeController.scala. Using presentation compiler with project's scala-library version: 3.3.6
2025.10.15 11:45:47 INFO  no build target found for C:\Users\Niklas\Studium\Semester8\Web\minesweeper-web\app\controllers\HomeController.scala. Using presentation compiler with project's scala-library version: 3.3.6
2025.10.15 11:45:47 INFO  no build target found for C:\Users\Niklas\Studium\Semester8\Web\minesweeper-web\app\controllers\HomeController.scala. Using presentation compiler with project's scala-library version: 3.3.6
2025.10.15 11:45:47 INFO  no build target found for C:\Users\Niklas\Studium\Semester8\Web\minesweeper-web\app\controllers\HomeController.scala. Using presentation compiler with project's scala-library version: 3.3.6
2025.10.15 11:45:48 INFO  no build target found for C:\Users\Niklas\Studium\Semester8\Web\minesweeper-web\app\controllers\HomeController.scala. Using presentation compiler with project's scala-library version: 3.3.6
2025.10.15 11:45:48 INFO  no build target found for C:\Users\Niklas\Studium\Semester8\Web\minesweeper-web\app\controllers\HomeController.scala. Using presentation compiler with project's scala-library version: 3.3.6
2025.10.15 11:45:48 INFO  no build target found for C:\Users\Niklas\Studium\Semester8\Web\minesweeper-web\app\controllers\HomeController.scala. Using presentation compiler with project's scala-library version: 3.3.6
2025.10.15 11:45:48 INFO  no build target found for C:\Users\Niklas\Studium\Semester8\Web\minesweeper-web\app\controllers\HomeController.scala. Using presentation compiler with project's scala-library version: 3.3.6
2025.10.15 11:45:49 INFO  no build target found for C:\Users\Niklas\Studium\Semester8\Web\minesweeper-web\app\controllers\HomeController.scala. Using presentation compiler with project's scala-library version: 3.3.6
2025.10.15 11:45:49 INFO  no build target found for C:\Users\Niklas\Studium\Semester8\Web\minesweeper-web\app\controllers\HomeController.scala. Using presentation compiler with project's scala-library version: 3.3.6
2025.10.15 11:45:49 INFO  no build target found for C:\Users\Niklas\Studium\Semester8\Web\minesweeper-web\app\controllers\HomeController.scala. Using presentation compiler with project's scala-library version: 3.3.6
2025.10.15 11:45:50 INFO  no build target found for C:\Users\Niklas\Studium\Semester8\Web\minesweeper-web\app\controllers\HomeController.scala. Using presentation compiler with project's scala-library version: 3.3.6
2025.10.15 11:45:51 INFO  no build target found for C:\Users\Niklas\Studium\Semester8\Web\minesweeper-web\app\controllers\HomeController.scala. Using presentation compiler with project's scala-library version: 3.3.6
2025.10.15 11:45:51 INFO  no build target found for C:\Users\Niklas\Studium\Semester8\Web\minesweeper-web\app\controllers\HomeController.scala. Using presentation compiler with project's scala-library version: 3.3.6
2025.10.15 11:45:51 INFO  no build target found for C:\Users\Niklas\Studium\Semester8\Web\minesweeper-web\app\controllers\HomeController.scala. Using presentation compiler with project's scala-library version: 3.3.6
2025.10.15 11:45:51 INFO  no build target found for C:\Users\Niklas\Studium\Semester8\Web\minesweeper-web\app\controllers\HomeController.scala. Using presentation compiler with project's scala-library version: 3.3.6
2025.10.15 11:45:52 INFO  no build target found for C:\Users\Niklas\Studium\Semester8\Web\minesweeper-web\app\controllers\HomeController.scala. Using presentation compiler with project's scala-library version: 3.3.6
2025.10.15 11:45:51 INFO  no build target found for C:\Users\Niklas\Studium\Semester8\Web\minesweeper-web\app\controllers\HomeController.scala. Using presentation compiler with project's scala-library version: 3.3.6
2025.10.15 11:45:52 INFO  no build target found for C:\Users\Niklas\Studium\Semester8\Web\minesweeper-web\app\controllers\HomeController.scala. Using presentation compiler with project's scala-library version: 3.3.6
2025.10.15 11:45:52 INFO  no build target found for C:\Users\Niklas\Studium\Semester8\Web\minesweeper-web\app\controllers\HomeController.scala. Using presentation compiler with project's scala-library version: 3.3.6
2025.10.15 11:45:53 INFO  no build target found for C:\Users\Niklas\Studium\Semester8\Web\minesweeper-web\app\controllers\HomeController.scala. Using presentation compiler with project's scala-library version: 3.3.6
2025.10.15 11:45:52 INFO  no build target found for C:\Users\Niklas\Studium\Semester8\Web\minesweeper-web\app\controllers\HomeController.scala. Using presentation compiler with project's scala-library version: 3.3.6
2025.10.15 11:45:52 INFO  no build target found for C:\Users\Niklas\Studium\Semester8\Web\minesweeper-web\app\controllers\HomeController.scala. Using presentation compiler with project's scala-library version: 3.3.6
2025.10.15 11:45:52 INFO  no build target found for C:\Users\Niklas\Studium\Semester8\Web\minesweeper-web\app\controllers\HomeController.scala. Using presentation compiler with project's scala-library version: 3.3.6
2025.10.15 11:45:53 INFO  no build target found for C:\Users\Niklas\Studium\Semester8\Web\minesweeper-web\app\controllers\HomeController.scala. Using presentation compiler with project's scala-library version: 3.3.6
2025.10.15 11:45:52 INFO  no build target found for C:\Users\Niklas\Studium\Semester8\Web\minesweeper-web\app\controllers\HomeController.scala. Using presentation compiler with project's scala-library version: 3.3.6
2025.10.15 11:45:54 INFO  no build target found for C:\Users\Niklas\Studium\Semester8\Web\minesweeper-web\app\controllers\HomeController.scala. Using presentation compiler with project's scala-library version: 3.3.6
2025.10.15 11:45:53 INFO  no build target found for C:\Users\Niklas\Studium\Semester8\Web\minesweeper-web\app\controllers\HomeController.scala. Using presentation compiler with project's scala-library version: 3.3.6
2025.10.15 11:45:55 INFO  no build target found for C:\Users\Niklas\Studium\Semester8\Web\minesweeper-web\app\controllers\HomeController.scala. Using presentation compiler with project's scala-library version: 3.3.6
2025.10.15 11:45:55 WARN  no build target for: C:\Users\Niklas\Studium\Semester8\Web\minesweeper-web\app\controllers\HomeController.scala
2025.10.15 11:45:55 INFO  no build target found for C:\Users\Niklas\Studium\Semester8\Web\minesweeper-web\app\controllers\HomeController.scala. Using presentation compiler with project's scala-library version: 3.3.6
2025.10.15 11:46:38 INFO  no build target found for C:\Users\Niklas\Studium\Semester8\Web\minesweeper-web\app\controllers\HomeController.scala. Using presentation compiler with project's scala-library version: 3.3.6
2025.10.15 11:46:38 INFO  no build target found for C:\Users\Niklas\Studium\Semester8\Web\minesweeper-web\app\controllers\HomeController.scala. Using presentation compiler with project's scala-library version: 3.3.6
2025.10.15 11:46:38 INFO  no build target found for C:\Users\Niklas\Studium\Semester8\Web\minesweeper-web\app\controllers\HomeController.scala. Using presentation compiler with project's scala-library version: 3.3.6
2025.10.15 11:46:38 INFO  no build target found for C:\Users\Niklas\Studium\Semester8\Web\minesweeper-web\app\controllers\HomeController.scala. Using presentation compiler with project's scala-library version: 3.3.6
2025.10.15 11:46:39 INFO  no build target found for C:\Users\Niklas\Studium\Semester8\Web\minesweeper-web\app\controllers\HomeController.scala. Using presentation compiler with project's scala-library version: 3.3.6
2025.10.15 11:46:39 INFO  no build target found for C:\Users\Niklas\Studium\Semester8\Web\minesweeper-web\app\controllers\HomeController.scala. Using presentation compiler with project's scala-library version: 3.3.6
2025.10.15 11:46:39 INFO  no build target found for C:\Users\Niklas\Studium\Semester8\Web\minesweeper-web\app\controllers\HomeController.scala. Using presentation compiler with project's scala-library version: 3.3.6
2025.10.15 11:46:39 INFO  no build target found for C:\Users\Niklas\Studium\Semester8\Web\minesweeper-web\app\controllers\HomeController.scala. Using presentation compiler with project's scala-library version: 3.3.6
2025.10.15 11:46:39 INFO  no build target found for C:\Users\Niklas\Studium\Semester8\Web\minesweeper-web\app\controllers\HomeController.scala. Using presentation compiler with project's scala-library version: 3.3.6
2025.10.15 11:46:39 INFO  no build target found for C:\Users\Niklas\Studium\Semester8\Web\minesweeper-web\app\controllers\HomeController.scala. Using presentation compiler with project's scala-library version: 3.3.6
2025.10.15 11:46:39 INFO  no build target found for C:\Users\Niklas\Studium\Semester8\Web\minesweeper-web\app\controllers\HomeController.scala. Using presentation compiler with project's scala-library version: 3.3.6
2025.10.15 11:46:40 INFO  no build target found for C:\Users\Niklas\Studium\Semester8\Web\minesweeper-web\app\controllers\HomeController.scala. Using presentation compiler with project's scala-library version: 3.3.6
2025.10.15 11:46:41 INFO  no build target found for C:\Users\Niklas\Studium\Semester8\Web\minesweeper-web\app\controllers\HomeController.scala. Using presentation compiler with project's scala-library version: 3.3.6
2025.10.15 11:46:41 INFO  no build target found for C:\Users\Niklas\Studium\Semester8\Web\minesweeper-web\app\controllers\HomeController.scala. Using presentation compiler with project's scala-library version: 3.3.6
2025.10.15 11:46:41 INFO  no build target found for C:\Users\Niklas\Studium\Semester8\Web\minesweeper-web\app\controllers\HomeController.scala. Using presentation compiler with project's scala-library version: 3.3.6
2025.10.15 11:46:41 INFO  no build target found for C:\Users\Niklas\Studium\Semester8\Web\minesweeper-web\app\controllers\HomeController.scala. Using presentation compiler with project's scala-library version: 3.3.6
2025.10.15 11:46:41 INFO  no build target found for C:\Users\Niklas\Studium\Semester8\Web\minesweeper-web\app\controllers\HomeController.scala. Using presentation compiler with project's scala-library version: 3.3.6
2025.10.15 11:46:41 INFO  no build target found for C:\Users\Niklas\Studium\Semester8\Web\minesweeper-web\app\controllers\HomeController.scala. Using presentation compiler with project's scala-library version: 3.3.6
2025.10.15 11:46:42 INFO  no build target found for C:\Users\Niklas\Studium\Semester8\Web\minesweeper-web\app\controllers\HomeController.scala. Using presentation compiler with project's scala-library version: 3.3.6
2025.10.15 11:46:42 INFO  no build target found for C:\Users\Niklas\Studium\Semester8\Web\minesweeper-web\app\controllers\HomeController.scala. Using presentation compiler with project's scala-library version: 3.3.6
2025.10.15 11:46:42 INFO  no build target found for C:\Users\Niklas\Studium\Semester8\Web\minesweeper-web\app\controllers\HomeController.scala. Using presentation compiler with project's scala-library version: 3.3.6
2025.10.15 11:46:42 WARN  no build target for: C:\Users\Niklas\Studium\Semester8\Web\minesweeper-web\app\controllers\HomeController.scala
2025.10.15 11:46:42 INFO  no build target found for C:\Users\Niklas\Studium\Semester8\Web\minesweeper-web\app\controllers\HomeController.scala. Using presentation compiler with project's scala-library version: 3.3.6
2025.10.15 11:48:27 INFO  no build target found for C:\Users\Niklas\Studium\Semester8\Web\minesweeper-web\app\controllers\HomeController.scala. Using presentation compiler with project's scala-library version: 3.3.6
2025.10.15 11:48:28 INFO  no build target found for C:\Users\Niklas\Studium\Semester8\Web\minesweeper-web\app\controllers\HomeController.scala. Using presentation compiler with project's scala-library version: 3.3.6
2025.10.15 11:48:28 INFO  no build target found for C:\Users\Niklas\Studium\Semester8\Web\minesweeper-web\app\controllers\HomeController.scala. Using presentation compiler with project's scala-library version: 3.3.6
2025.10.15 11:48:28 INFO  no build target found for C:\Users\Niklas\Studium\Semester8\Web\minesweeper-web\app\controllers\HomeController.scala. Using presentation compiler with project's scala-library version: 3.3.6
2025.10.15 11:48:28 INFO  no build target found for C:\Users\Niklas\Studium\Semester8\Web\minesweeper-web\app\controllers\HomeController.scala. Using presentation compiler with project's scala-library version: 3.3.6
2025.10.15 11:48:29 INFO  no build target found for C:\Users\Niklas\Studium\Semester8\Web\minesweeper-web\app\controllers\HomeController.scala. Using presentation compiler with project's scala-library version: 3.3.6
2025.10.15 11:48:28 INFO  no build target found for C:\Users\Niklas\Studium\Semester8\Web\minesweeper-web\app\controllers\HomeController.scala. Using presentation compiler with project's scala-library version: 3.3.6
2025.10.15 11:48:29 INFO  no build target found for C:\Users\Niklas\Studium\Semester8\Web\minesweeper-web\app\controllers\HomeController.scala. Using presentation compiler with project's scala-library version: 3.3.6
2025.10.15 11:48:29 INFO  no build target found for C:\Users\Niklas\Studium\Semester8\Web\minesweeper-web\app\controllers\HomeController.scala. Using presentation compiler with project's scala-library version: 3.3.6
2025.10.15 11:48:29 INFO  no build target found for C:\Users\Niklas\Studium\Semester8\Web\minesweeper-web\app\controllers\HomeController.scala. Using presentation compiler with project's scala-library version: 3.3.6
2025.10.15 11:48:30 INFO  no build target found for C:\Users\Niklas\Studium\Semester8\Web\minesweeper-web\app\controllers\HomeController.scala. Using presentation compiler with project's scala-library version: 3.3.6
2025.10.15 11:48:31 WARN  no build target for: C:\Users\Niklas\Studium\Semester8\Web\minesweeper-web\app\controllers\HomeController.scala
2025.10.15 11:48:31 INFO  no build target found for C:\Users\Niklas\Studium\Semester8\Web\minesweeper-web\app\controllers\HomeController.scala. Using presentation compiler with project's scala-library version: 3.3.6
2025.10.15 11:48:37 INFO  no build target found for C:\Users\Niklas\Studium\Semester8\Web\minesweeper-web\app\controllers\HomeController.scala. Using presentation compiler with project's scala-library version: 3.3.6
2025.10.15 11:48:37 INFO  no build target found for C:\Users\Niklas\Studium\Semester8\Web\minesweeper-web\app\controllers\HomeController.scala. Using presentation compiler with project's scala-library version: 3.3.6
2025.10.15 11:48:45 INFO  no build target found for C:\Users\Niklas\Studium\Semester8\Web\minesweeper-web\app\controllers\HomeController.scala. Using presentation compiler with project's scala-library version: 3.3.6
2025.10.15 11:48:54 INFO  no build target found for C:\Users\Niklas\Studium\Semester8\Web\minesweeper-web\app\controllers\HomeController.scala. Using presentation compiler with project's scala-library version: 3.3.6
2025.10.15 11:49:40 INFO  no build target found for C:\Users\Niklas\Studium\Semester8\Web\minesweeper-web\app\controllers\HomeController.scala. Using presentation compiler with project's scala-library version: 3.3.6
2025.10.15 11:49:40 INFO  no build target found for C:\Users\Niklas\Studium\Semester8\Web\minesweeper-web\app\controllers\HomeController.scala. Using presentation compiler with project's scala-library version: 3.3.6
2025.10.15 11:50:27 INFO  no build target found for C:\Users\Niklas\Studium\Semester8\Web\minesweeper-web\app\controllers\HomeController.scala. Using presentation compiler with project's scala-library version: 3.3.6
2025.10.15 11:50:27 INFO  no build target found for C:\Users\Niklas\Studium\Semester8\Web\minesweeper-web\app\controllers\HomeController.scala. Using presentation compiler with project's scala-library version: 3.3.6
2025.10.15 11:50:29 INFO  no build target found for C:\Users\Niklas\Studium\Semester8\Web\minesweeper-web\app\controllers\HomeController.scala. Using presentation compiler with project's scala-library version: 3.3.6
2025.10.15 11:50:29 INFO  no build target found for C:\Users\Niklas\Studium\Semester8\Web\minesweeper-web\app\controllers\HomeController.scala. Using presentation compiler with project's scala-library version: 3.3.6
2025.10.15 11:50:29 INFO  no build target found for C:\Users\Niklas\Studium\Semester8\Web\minesweeper-web\app\controllers\HomeController.scala. Using presentation compiler with project's scala-library version: 3.3.6
2025.10.15 11:50:31 INFO  no build target found for C:\Users\Niklas\Studium\Semester8\Web\minesweeper-web\app\controllers\HomeController.scala. Using presentation compiler with project's scala-library version: 3.3.6
2025.10.15 11:50:31 WARN  no build target for: C:\Users\Niklas\Studium\Semester8\Web\minesweeper-web\app\controllers\HomeController.scala
2025.10.15 11:50:31 INFO  no build target found for C:\Users\Niklas\Studium\Semester8\Web\minesweeper-web\app\controllers\HomeController.scala. Using presentation compiler with project's scala-library version: 3.3.6
2025.10.15 11:52:42 INFO  no build target found for C:\Users\Niklas\Studium\Semester8\Web\minesweeper-web\app\controllers\HomeController.scala. Using presentation compiler with project's scala-library version: 3.3.6
2025.10.15 11:52:42 INFO  no build target found for C:\Users\Niklas\Studium\Semester8\Web\minesweeper-web\app\controllers\HomeController.scala. Using presentation compiler with project's scala-library version: 3.3.6
2025.10.15 11:52:42 INFO  no build target found for C:\Users\Niklas\Studium\Semester8\Web\minesweeper-web\app\controllers\HomeController.scala. Using presentation compiler with project's scala-library version: 3.3.6
2025.10.15 11:52:44 INFO  no build target found for C:\Users\Niklas\Studium\Semester8\Web\minesweeper-web\app\controllers\HomeController.scala. Using presentation compiler with project's scala-library version: 3.3.6
2025.10.15 11:52:44 INFO  no build target found for C:\Users\Niklas\Studium\Semester8\Web\minesweeper-web\app\controllers\HomeController.scala. Using presentation compiler with project's scala-library version: 3.3.6
2025.10.15 11:52:48 INFO  no build target found for C:\Users\Niklas\Studium\Semester8\Web\minesweeper-web\app\controllers\HomeController.scala. Using presentation compiler with project's scala-library version: 3.3.6
2025.10.15 11:52:48 INFO  no build target found for C:\Users\Niklas\Studium\Semester8\Web\minesweeper-web\app\controllers\HomeController.scala. Using presentation compiler with project's scala-library version: 3.3.6
2025.10.15 11:52:48 INFO  no build target found for C:\Users\Niklas\Studium\Semester8\Web\minesweeper-web\app\controllers\HomeController.scala. Using presentation compiler with project's scala-library version: 3.3.6
2025.10.15 11:52:50 INFO  no build target found for C:\Users\Niklas\Studium\Semester8\Web\minesweeper-web\app\controllers\HomeController.scala. Using presentation compiler with project's scala-library version: 3.3.6
2025.10.15 11:52:50 INFO  no build target found for C:\Users\Niklas\Studium\Semester8\Web\minesweeper-web\app\controllers\HomeController.scala. Using presentation compiler with project's scala-library version: 3.3.6
2025.10.15 11:52:50 INFO  no build target found for C:\Users\Niklas\Studium\Semester8\Web\minesweeper-web\app\controllers\HomeController.scala. Using presentation compiler with project's scala-library version: 3.3.6
2025.10.15 11:52:50 INFO  no build target found for C:\Users\Niklas\Studium\Semester8\Web\minesweeper-web\app\controllers\HomeController.scala. Using presentation compiler with project's scala-library version: 3.3.6
2025.10.15 11:52:50 INFO  no build target found for C:\Users\Niklas\Studium\Semester8\Web\minesweeper-web\app\controllers\HomeController.scala. Using presentation compiler with project's scala-library version: 3.3.6
2025.10.15 11:52:50 INFO  no build target found for C:\Users\Niklas\Studium\Semester8\Web\minesweeper-web\app\controllers\HomeController.scala. Using presentation compiler with project's scala-library version: 3.3.6
2025.10.15 11:52:50 INFO  no build target found for C:\Users\Niklas\Studium\Semester8\Web\minesweeper-web\app\controllers\HomeController.scala. Using presentation compiler with project's scala-library version: 3.3.6
2025.10.15 11:52:50 INFO  no build target found for C:\Users\Niklas\Studium\Semester8\Web\minesweeper-web\app\controllers\HomeController.scala. Using presentation compiler with project's scala-library version: 3.3.6
2025.10.15 11:52:51 INFO  no build target found for C:\Users\Niklas\Studium\Semester8\Web\minesweeper-web\app\controllers\HomeController.scala. Using presentation compiler with project's scala-library version: 3.3.6
2025.10.15 11:52:51 INFO  no build target found for C:\Users\Niklas\Studium\Semester8\Web\minesweeper-web\app\controllers\HomeController.scala. Using presentation compiler with project's scala-library version: 3.3.6
2025.10.15 11:52:51 INFO  no build target found for C:\Users\Niklas\Studium\Semester8\Web\minesweeper-web\app\controllers\HomeController.scala. Using presentation compiler with project's scala-library version: 3.3.6
2025.10.15 11:52:51 WARN  no build target for: C:\Users\Niklas\Studium\Semester8\Web\minesweeper-web\app\controllers\HomeController.scala
2025.10.15 11:52:51 INFO  no build target found for C:\Users\Niklas\Studium\Semester8\Web\minesweeper-web\app\controllers\HomeController.scala. Using presentation compiler with project's scala-library version: 3.3.6
2025.10.15 11:53:20 INFO  no build target found for C:\Users\Niklas\Studium\Semester8\Web\minesweeper-web\app\controllers\HomeController.scala. Using presentation compiler with project's scala-library version: 3.3.6
2025.10.15 11:53:20 INFO  no build target found for C:\Users\Niklas\Studium\Semester8\Web\minesweeper-web\app\controllers\HomeController.scala. Using presentation compiler with project's scala-library version: 3.3.6
2025.10.15 11:53:20 INFO  no build target found for C:\Users\Niklas\Studium\Semester8\Web\minesweeper-web\app\controllers\HomeController.scala. Using presentation compiler with project's scala-library version: 3.3.6
2025.10.15 11:53:22 INFO  no build target found for C:\Users\Niklas\Studium\Semester8\Web\minesweeper-web\app\controllers\HomeController.scala. Using presentation compiler with project's scala-library version: 3.3.6
2025.10.15 11:53:22 INFO  no build target found for C:\Users\Niklas\Studium\Semester8\Web\minesweeper-web\app\controllers\HomeController.scala. Using presentation compiler with project's scala-library version: 3.3.6
2025.10.15 11:53:23 INFO  no build target found for C:\Users\Niklas\Studium\Semester8\Web\minesweeper-web\app\controllers\HomeController.scala. Using presentation compiler with project's scala-library version: 3.3.6
2025.10.15 11:53:23 INFO  no build target found for C:\Users\Niklas\Studium\Semester8\Web\minesweeper-web\app\controllers\HomeController.scala. Using presentation compiler with project's scala-library version: 3.3.6
2025.10.15 11:53:23 INFO  no build target found for C:\Users\Niklas\Studium\Semester8\Web\minesweeper-web\app\controllers\HomeController.scala. Using presentation compiler with project's scala-library version: 3.3.6
2025.10.15 11:53:23 INFO  no build target found for C:\Users\Niklas\Studium\Semester8\Web\minesweeper-web\app\controllers\HomeController.scala. Using presentation compiler with project's scala-library version: 3.3.6
2025.10.15 11:53:24 INFO  empty definition using pc, found symbol in pc: `<none>`. (full report at: "C:\Users\Niklas\Studium\Semester8\Web\minesweeper-web\.metals\.reports\metals-full\2025-10-15\r_empty-definition_10-50-04-061.md")
2025.10.15 11:53:23 INFO  no build target found for C:\Users\Niklas\Studium\Semester8\Web\minesweeper-web\app\controllers\HomeController.scala. Using presentation compiler with project's scala-library version: 3.3.6
2025.10.15 11:53:23 INFO  empty definition using pc, found symbol in pc: `<none>`. (full report at: "C:\Users\Niklas\Studium\Semester8\Web\minesweeper-web\.metals\.reports\metals-full\2025-10-15\r_empty-definition_10-50-04-061.md")
2025.10.15 11:53:23 INFO  no build target found for C:\Users\Niklas\Studium\Semester8\Web\minesweeper-web\app\controllers\HomeController.scala. Using presentation compiler with project's scala-library version: 3.3.6
2025.10.15 11:53:26 INFO  no build target found for C:\Users\Niklas\Studium\Semester8\Web\minesweeper-web\app\controllers\HomeController.scala. Using presentation compiler with project's scala-library version: 3.3.6
2025.10.15 11:53:26 INFO  no build target found for C:\Users\Niklas\Studium\Semester8\Web\minesweeper-web\app\controllers\HomeController.scala. Using presentation compiler with project's scala-library version: 3.3.6
2025.10.15 11:53:26 INFO  no build target found for C:\Users\Niklas\Studium\Semester8\Web\minesweeper-web\app\controllers\HomeController.scala. Using presentation compiler with project's scala-library version: 3.3.6
2025.10.15 11:53:26 INFO  no build target found for C:\Users\Niklas\Studium\Semester8\Web\minesweeper-web\app\controllers\HomeController.scala. Using presentation compiler with project's scala-library version: 3.3.6
2025.10.15 11:53:26 INFO  no build target found for C:\Users\Niklas\Studium\Semester8\Web\minesweeper-web\app\controllers\HomeController.scala. Using presentation compiler with project's scala-library version: 3.3.6
2025.10.15 11:53:26 INFO  no build target found for C:\Users\Niklas\Studium\Semester8\Web\minesweeper-web\app\controllers\HomeController.scala. Using presentation compiler with project's scala-library version: 3.3.6
2025.10.15 11:53:27 INFO  no build target found for C:\Users\Niklas\Studium\Semester8\Web\minesweeper-web\app\controllers\HomeController.scala. Using presentation compiler with project's scala-library version: 3.3.6
2025.10.15 11:53:27 INFO  no build target found for C:\Users\Niklas\Studium\Semester8\Web\minesweeper-web\app\controllers\HomeController.scala. Using presentation compiler with project's scala-library version: 3.3.6
2025.10.15 11:53:27 INFO  no build target found for C:\Users\Niklas\Studium\Semester8\Web\minesweeper-web\app\controllers\HomeController.scala. Using presentation compiler with project's scala-library version: 3.3.6
2025.10.15 11:53:27 INFO  no build target found for C:\Users\Niklas\Studium\Semester8\Web\minesweeper-web\app\controllers\HomeController.scala. Using presentation compiler with project's scala-library version: 3.3.6
2025.10.15 11:53:27 INFO  no build target found for C:\Users\Niklas\Studium\Semester8\Web\minesweeper-web\app\controllers\HomeController.scala. Using presentation compiler with project's scala-library version: 3.3.6
2025.10.15 11:53:27 INFO  no build target found for C:\Users\Niklas\Studium\Semester8\Web\minesweeper-web\app\controllers\HomeController.scala. Using presentation compiler with project's scala-library version: 3.3.6
2025.10.15 11:53:28 INFO  no build target found for C:\Users\Niklas\Studium\Semester8\Web\minesweeper-web\app\controllers\HomeController.scala. Using presentation compiler with project's scala-library version: 3.3.6
2025.10.15 11:53:29 INFO  no build target found for C:\Users\Niklas\Studium\Semester8\Web\minesweeper-web\app\controllers\HomeController.scala. Using presentation compiler with project's scala-library version: 3.3.6
2025.10.15 11:53:29 INFO  no build target found for C:\Users\Niklas\Studium\Semester8\Web\minesweeper-web\app\controllers\HomeController.scala. Using presentation compiler with project's scala-library version: 3.3.6
2025.10.15 11:53:29 INFO  no build target found for C:\Users\Niklas\Studium\Semester8\Web\minesweeper-web\app\controllers\HomeController.scala. Using presentation compiler with project's scala-library version: 3.3.6
2025.10.15 11:53:29 INFO  no build target found for C:\Users\Niklas\Studium\Semester8\Web\minesweeper-web\app\controllers\HomeController.scala. Using presentation compiler with project's scala-library version: 3.3.6
2025.10.15 11:53:30 INFO  no build target found for C:\Users\Niklas\Studium\Semester8\Web\minesweeper-web\app\controllers\HomeController.scala. Using presentation compiler with project's scala-library version: 3.3.6
2025.10.15 11:53:31 INFO  no build target found for C:\Users\Niklas\Studium\Semester8\Web\minesweeper-web\app\controllers\HomeController.scala. Using presentation compiler with project's scala-library version: 3.3.6
2025.10.15 11:53:31 INFO  no build target found for C:\Users\Niklas\Studium\Semester8\Web\minesweeper-web\app\controllers\HomeController.scala. Using presentation compiler with project's scala-library version: 3.3.6
2025.10.15 11:53:31 INFO  no build target found for C:\Users\Niklas\Studium\Semester8\Web\minesweeper-web\app\controllers\HomeController.scala. Using presentation compiler with project's scala-library version: 3.3.6
2025.10.15 11:53:31 INFO  no build target found for C:\Users\Niklas\Studium\Semester8\Web\minesweeper-web\app\controllers\HomeController.scala. Using presentation compiler with project's scala-library version: 3.3.6
2025.10.15 11:53:31 INFO  no build target found for C:\Users\Niklas\Studium\Semester8\Web\minesweeper-web\app\controllers\HomeController.scala. Using presentation compiler with project's scala-library version: 3.3.6
2025.10.15 11:53:32 INFO  no build target found for C:\Users\Niklas\Studium\Semester8\Web\minesweeper-web\app\controllers\HomeController.scala. Using presentation compiler with project's scala-library version: 3.3.6
2025.10.15 11:53:32 INFO  no build target found for C:\Users\Niklas\Studium\Semester8\Web\minesweeper-web\app\controllers\HomeController.scala. Using presentation compiler with project's scala-library version: 3.3.6
2025.10.15 11:53:32 INFO  no build target found for C:\Users\Niklas\Studium\Semester8\Web\minesweeper-web\app\controllers\HomeController.scala. Using presentation compiler with project's scala-library version: 3.3.6
2025.10.15 11:53:32 INFO  no build target found for C:\Users\Niklas\Studium\Semester8\Web\minesweeper-web\app\controllers\HomeController.scala. Using presentation compiler with project's scala-library version: 3.3.6
2025.10.15 11:53:34 INFO  no build target found for C:\Users\Niklas\Studium\Semester8\Web\minesweeper-web\app\controllers\HomeController.scala. Using presentation compiler with project's scala-library version: 3.3.6
2025.10.15 11:53:34 INFO  no build target found for C:\Users\Niklas\Studium\Semester8\Web\minesweeper-web\app\controllers\HomeController.scala. Using presentation compiler with project's scala-library version: 3.3.6
2025.10.15 11:53:34 INFO  no build target found for C:\Users\Niklas\Studium\Semester8\Web\minesweeper-web\app\controllers\HomeController.scala. Using presentation compiler with project's scala-library version: 3.3.6
2025.10.15 11:53:34 INFO  no build target found for C:\Users\Niklas\Studium\Semester8\Web\minesweeper-web\app\controllers\HomeController.scala. Using presentation compiler with project's scala-library version: 3.3.6
2025.10.15 11:53:34 INFO  no build target found for C:\Users\Niklas\Studium\Semester8\Web\minesweeper-web\app\controllers\HomeController.scala. Using presentation compiler with project's scala-library version: 3.3.6
2025.10.15 11:53:34 INFO  no build target found for C:\Users\Niklas\Studium\Semester8\Web\minesweeper-web\app\controllers\HomeController.scala. Using presentation compiler with project's scala-library version: 3.3.6
2025.10.15 11:53:35 INFO  no build target found for C:\Users\Niklas\Studium\Semester8\Web\minesweeper-web\app\controllers\HomeController.scala. Using presentation compiler with project's scala-library version: 3.3.6
2025.10.15 11:53:35 INFO  no build target found for C:\Users\Niklas\Studium\Semester8\Web\minesweeper-web\app\controllers\HomeController.scala. Using presentation compiler with project's scala-library version: 3.3.6
2025.10.15 11:53:35 INFO  no build target found for C:\Users\Niklas\Studium\Semester8\Web\minesweeper-web\app\controllers\HomeController.scala. Using presentation compiler with project's scala-library version: 3.3.6
2025.10.15 11:53:35 INFO  no build target found for C:\Users\Niklas\Studium\Semester8\Web\minesweeper-web\app\controllers\HomeController.scala. Using presentation compiler with project's scala-library version: 3.3.6
2025.10.15 11:53:35 INFO  no build target found for C:\Users\Niklas\Studium\Semester8\Web\minesweeper-web\app\controllers\HomeController.scala. Using presentation compiler with project's scala-library version: 3.3.6
2025.10.15 11:53:35 INFO  no build target found for C:\Users\Niklas\Studium\Semester8\Web\minesweeper-web\app\controllers\HomeController.scala. Using presentation compiler with project's scala-library version: 3.3.6
2025.10.15 11:53:35 INFO  no build target found for C:\Users\Niklas\Studium\Semester8\Web\minesweeper-web\app\controllers\HomeController.scala. Using presentation compiler with project's scala-library version: 3.3.6
2025.10.15 11:53:35 INFO  Created report: Optional[file:///C:/Users/Niklas/Studium/Semester8/Web/minesweeper-web/app/controllers/HomeController.scala]
2025.10.15 11:53:35 INFO  empty definition using pc, found symbol in pc:  (full report at: "C:\Users\Niklas\Studium\Semester8\Web\minesweeper-web\.metals\.reports\metals-full\2025-10-15\r_empty-definition_11-53-35-791.md")
2025.10.15 11:53:35 INFO  no build target found for C:\Users\Niklas\Studium\Semester8\Web\minesweeper-web\app\controllers\HomeController.scala. Using presentation compiler with project's scala-library version: 3.3.6
2025.10.15 11:53:35 INFO  no build target found for C:\Users\Niklas\Studium\Semester8\Web\minesweeper-web\app\controllers\HomeController.scala. Using presentation compiler with project's scala-library version: 3.3.6
2025.10.15 11:53:37 INFO  no build target found for C:\Users\Niklas\Studium\Semester8\Web\minesweeper-web\app\controllers\HomeController.scala. Using presentation compiler with project's scala-library version: 3.3.6
2025.10.15 11:53:37 INFO  no build target found for C:\Users\Niklas\Studium\Semester8\Web\minesweeper-web\app\controllers\HomeController.scala. Using presentation compiler with project's scala-library version: 3.3.6
2025.10.15 11:53:37 INFO  no build target found for C:\Users\Niklas\Studium\Semester8\Web\minesweeper-web\app\controllers\HomeController.scala. Using presentation compiler with project's scala-library version: 3.3.6
2025.10.15 11:53:37 INFO  no build target found for C:\Users\Niklas\Studium\Semester8\Web\minesweeper-web\app\controllers\HomeController.scala. Using presentation compiler with project's scala-library version: 3.3.6
2025.10.15 11:53:38 INFO  no build target found for C:\Users\Niklas\Studium\Semester8\Web\minesweeper-web\app\controllers\HomeController.scala. Using presentation compiler with project's scala-library version: 3.3.6
2025.10.15 11:53:39 WARN  no build target for: C:\Users\Niklas\Studium\Semester8\Web\minesweeper-web\app\controllers\HomeController.scala
2025.10.15 11:53:39 INFO  no build target found for C:\Users\Niklas\Studium\Semester8\Web\minesweeper-web\app\controllers\HomeController.scala. Using presentation compiler with project's scala-library version: 3.3.6
2025.10.15 11:53:39 INFO  no build target found for C:\Users\Niklas\Studium\Semester8\Web\minesweeper-web\app\controllers\HomeController.scala. Using presentation compiler with project's scala-library version: 3.3.6
2025.10.15 11:54:08 INFO  no build target found for C:\Users\Niklas\Studium\Semester8\Web\minesweeper-web\app\controllers\HomeController.scala. Using presentation compiler with project's scala-library version: 3.3.6
2025.10.15 11:54:08 INFO  no build target found for C:\Users\Niklas\Studium\Semester8\Web\minesweeper-web\app\controllers\HomeController.scala. Using presentation compiler with project's scala-library version: 3.3.6
2025.10.15 11:54:08 INFO  no build target found for C:\Users\Niklas\Studium\Semester8\Web\minesweeper-web\app\controllers\HomeController.scala. Using presentation compiler with project's scala-library version: 3.3.6
2025.10.15 11:54:08 INFO  no build target found for C:\Users\Niklas\Studium\Semester8\Web\minesweeper-web\app\controllers\HomeController.scala. Using presentation compiler with project's scala-library version: 3.3.6
2025.10.15 11:54:08 INFO  no build target found for C:\Users\Niklas\Studium\Semester8\Web\minesweeper-web\app\controllers\HomeController.scala. Using presentation compiler with project's scala-library version: 3.3.6
2025.10.15 11:54:10 INFO  no build target found for C:\Users\Niklas\Studium\Semester8\Web\minesweeper-web\app\controllers\HomeController.scala. Using presentation compiler with project's scala-library version: 3.3.6
2025.10.15 11:54:10 INFO  no build target found for C:\Users\Niklas\Studium\Semester8\Web\minesweeper-web\app\controllers\HomeController.scala. Using presentation compiler with project's scala-library version: 3.3.6
2025.10.15 11:54:10 INFO  no build target found for C:\Users\Niklas\Studium\Semester8\Web\minesweeper-web\app\controllers\HomeController.scala. Using presentation compiler with project's scala-library version: 3.3.6
2025.10.15 11:54:10 INFO  no build target found for C:\Users\Niklas\Studium\Semester8\Web\minesweeper-web\app\controllers\HomeController.scala. Using presentation compiler with project's scala-library version: 3.3.6
2025.10.15 11:54:10 INFO  no build target found for C:\Users\Niklas\Studium\Semester8\Web\minesweeper-web\app\controllers\HomeController.scala. Using presentation compiler with project's scala-library version: 3.3.6
2025.10.15 11:54:11 INFO  no build target found for C:\Users\Niklas\Studium\Semester8\Web\minesweeper-web\app\controllers\HomeController.scala. Using presentation compiler with project's scala-library version: 3.3.6
2025.10.15 11:54:11 WARN  no build target for: C:\Users\Niklas\Studium\Semester8\Web\minesweeper-web\app\controllers\HomeController.scala
2025.10.15 11:54:11 INFO  no build target found for C:\Users\Niklas\Studium\Semester8\Web\minesweeper-web\app\controllers\HomeController.scala. Using presentation compiler with project's scala-library version: 3.3.6
2025.10.15 11:56:23 INFO  no build target found for C:\Users\Niklas\Studium\Semester8\Web\minesweeper-web\app\controllers\HomeController.scala. Using presentation compiler with project's scala-library version: 3.3.6
2025.10.15 11:56:23 INFO  no build target found for C:\Users\Niklas\Studium\Semester8\Web\minesweeper-web\app\controllers\HomeController.scala. Using presentation compiler with project's scala-library version: 3.3.6
2025.10.15 11:56:26 INFO  no build target found for C:\Users\Niklas\Studium\Semester8\Web\minesweeper-web\app\controllers\HomeController.scala. Using presentation compiler with project's scala-library version: 3.3.6
2025.10.15 11:56:27 INFO  no build target found for C:\Users\Niklas\Studium\Semester8\Web\minesweeper-web\app\controllers\HomeController.scala. Using presentation compiler with project's scala-library version: 3.3.6
2025.10.15 11:56:27 INFO  no build target found for C:\Users\Niklas\Studium\Semester8\Web\minesweeper-web\app\controllers\HomeController.scala. Using presentation compiler with project's scala-library version: 3.3.6
2025.10.15 12:01:45 WARN  no build target for: C:\Users\Niklas\Studium\Semester8\Web\minesweeper-web\app\controllers\HomeController.scala
2025.10.15 12:01:45 INFO  no build target found for C:\Users\Niklas\Studium\Semester8\Web\minesweeper-web\app\controllers\HomeController.scala. Using presentation compiler with project's scala-library version: 3.3.6
2025.10.15 12:01:45 INFO  no build target found for C:\Users\Niklas\Studium\Semester8\Web\minesweeper-web\app\controllers\HomeController.scala. Using presentation compiler with project's scala-library version: 3.3.6
2025.10.15 12:01:58 WARN  no build target for: C:\Users\Niklas\Studium\Semester8\Web\minesweeper-web\app\controllers\HomeController.scala
2025.10.15 12:01:58 INFO  no build target found for C:\Users\Niklas\Studium\Semester8\Web\minesweeper-web\app\controllers\HomeController.scala. Using presentation compiler with project's scala-library version: 3.3.6
2025.10.15 12:01:58 INFO  no build target found for C:\Users\Niklas\Studium\Semester8\Web\minesweeper-web\app\controllers\HomeController.scala. Using presentation compiler with project's scala-library version: 3.3.6
2025.10.15 12:02:00 INFO  no build target found for C:\Users\Niklas\Studium\Semester8\Web\minesweeper-web\app\controllers\HomeController.scala. Using presentation compiler with project's scala-library version: 3.3.6
2025.10.15 12:02:00 INFO  no build target found for C:\Users\Niklas\Studium\Semester8\Web\minesweeper-web\app\controllers\HomeController.scala. Using presentation compiler with project's scala-library version: 3.3.6
2025.10.15 12:02:00 INFO  no build target found for C:\Users\Niklas\Studium\Semester8\Web\minesweeper-web\app\controllers\HomeController.scala. Using presentation compiler with project's scala-library version: 3.3.6
2025.10.15 12:02:01 INFO  no build target found for C:\Users\Niklas\Studium\Semester8\Web\minesweeper-web\app\controllers\HomeController.scala. Using presentation compiler with project's scala-library version: 3.3.6
2025.10.15 12:02:01 INFO  no build target found for C:\Users\Niklas\Studium\Semester8\Web\minesweeper-web\app\controllers\HomeController.scala. Using presentation compiler with project's scala-library version: 3.3.6
2025.10.15 12:02:01 INFO  no build target found for C:\Users\Niklas\Studium\Semester8\Web\minesweeper-web\app\controllers\HomeController.scala. Using presentation compiler with project's scala-library version: 3.3.6
2025.10.15 12:02:02 INFO  no build target found for C:\Users\Niklas\Studium\Semester8\Web\minesweeper-web\app\controllers\HomeController.scala. Using presentation compiler with project's scala-library version: 3.3.6
2025.10.15 12:02:02 INFO  no build target found for C:\Users\Niklas\Studium\Semester8\Web\minesweeper-web\app\controllers\HomeController.scala. Using presentation compiler with project's scala-library version: 3.3.6
2025.10.15 12:02:03 INFO  no build target found for C:\Users\Niklas\Studium\Semester8\Web\minesweeper-web\app\controllers\HomeController.scala. Using presentation compiler with project's scala-library version: 3.3.6
2025.10.15 12:02:02 INFO  no build target found for C:\Users\Niklas\Studium\Semester8\Web\minesweeper-web\app\controllers\HomeController.scala. Using presentation compiler with project's scala-library version: 3.3.6
2025.10.15 12:02:04 INFO  no build target found for C:\Users\Niklas\Studium\Semester8\Web\minesweeper-web\app\controllers\HomeController.scala. Using presentation compiler with project's scala-library version: 3.3.6
2025.10.15 12:02:04 WARN  no build target for: C:\Users\Niklas\Studium\Semester8\Web\minesweeper-web\app\controllers\HomeController.scala
2025.10.15 12:02:04 INFO  no build target found for C:\Users\Niklas\Studium\Semester8\Web\minesweeper-web\app\controllers\HomeController.scala. Using presentation compiler with project's scala-library version: 3.3.6
2025.10.15 12:02:18 INFO  no build target found for C:\Users\Niklas\Studium\Semester8\Web\minesweeper-web\app\controllers\HomeController.scala. Using presentation compiler with project's scala-library version: 3.3.6
2025.10.15 12:02:18 INFO  no build target found for C:\Users\Niklas\Studium\Semester8\Web\minesweeper-web\app\controllers\HomeController.scala. Using presentation compiler with project's scala-library version: 3.3.6
2025.10.15 12:02:18 INFO  no build target found for C:\Users\Niklas\Studium\Semester8\Web\minesweeper-web\app\controllers\HomeController.scala. Using presentation compiler with project's scala-library version: 3.3.6
2025.10.15 12:02:18 INFO  no build target found for C:\Users\Niklas\Studium\Semester8\Web\minesweeper-web\app\controllers\HomeController.scala. Using presentation compiler with project's scala-library version: 3.3.6
2025.10.15 12:02:19 INFO  no build target found for C:\Users\Niklas\Studium\Semester8\Web\minesweeper-web\app\controllers\HomeController.scala. Using presentation compiler with project's scala-library version: 3.3.6
2025.10.15 12:02:19 INFO  no build target found for C:\Users\Niklas\Studium\Semester8\Web\minesweeper-web\app\controllers\HomeController.scala. Using presentation compiler with project's scala-library version: 3.3.6
2025.10.15 12:02:19 INFO  no build target found for C:\Users\Niklas\Studium\Semester8\Web\minesweeper-web\app\controllers\HomeController.scala. Using presentation compiler with project's scala-library version: 3.3.6
2025.10.15 12:02:19 INFO  no build target found for C:\Users\Niklas\Studium\Semester8\Web\minesweeper-web\app\controllers\HomeController.scala. Using presentation compiler with project's scala-library version: 3.3.6
2025.10.15 12:02:19 INFO  no build target found for C:\Users\Niklas\Studium\Semester8\Web\minesweeper-web\app\controllers\HomeController.scala. Using presentation compiler with project's scala-library version: 3.3.6
2025.10.15 12:02:20 INFO  no build target found for C:\Users\Niklas\Studium\Semester8\Web\minesweeper-web\app\controllers\HomeController.scala. Using presentation compiler with project's scala-library version: 3.3.6
2025.10.15 12:02:29 WARN  no build target for: C:\Users\Niklas\Studium\Semester8\Web\minesweeper-web\app\controllers\HomeController.scala
2025.10.15 12:02:29 INFO  no build target found for C:\Users\Niklas\Studium\Semester8\Web\minesweeper-web\app\controllers\HomeController.scala. Using presentation compiler with project's scala-library version: 3.3.6
2025.10.15 12:02:29 INFO  no build target found for C:\Users\Niklas\Studium\Semester8\Web\minesweeper-web\app\controllers\HomeController.scala. Using presentation compiler with project's scala-library version: 3.3.6
2025.10.15 12:03:15 INFO  no build target found for C:\Users\Niklas\Studium\Semester8\Web\minesweeper-web\app\controllers\HomeController.scala. Using presentation compiler with project's scala-library version: 3.3.6
2025.10.15 12:03:18 INFO  no build target found for C:\Users\Niklas\Studium\Semester8\Web\minesweeper-web\app\controllers\HomeController.scala. Using presentation compiler with project's scala-library version: 3.3.6
2025.10.15 12:03:18 INFO  no build target found for C:\Users\Niklas\Studium\Semester8\Web\minesweeper-web\app\controllers\HomeController.scala. Using presentation compiler with project's scala-library version: 3.3.6
2025.10.15 12:03:20 INFO  no build target found for C:\Users\Niklas\Studium\Semester8\Web\minesweeper-web\app\controllers\HomeController.scala. Using presentation compiler with project's scala-library version: 3.3.6
2025.10.15 12:03:20 INFO  no build target found for C:\Users\Niklas\Studium\Semester8\Web\minesweeper-web\app\controllers\HomeController.scala. Using presentation compiler with project's scala-library version: 3.3.6
2025.10.15 12:03:20 INFO  no build target found for C:\Users\Niklas\Studium\Semester8\Web\minesweeper-web\app\controllers\HomeController.scala. Using presentation compiler with project's scala-library version: 3.3.6
2025.10.15 12:03:20 INFO  no build target found for C:\Users\Niklas\Studium\Semester8\Web\minesweeper-web\app\controllers\HomeController.scala. Using presentation compiler with project's scala-library version: 3.3.6
2025.10.15 12:03:20 INFO  no build target found for C:\Users\Niklas\Studium\Semester8\Web\minesweeper-web\app\controllers\HomeController.scala. Using presentation compiler with project's scala-library version: 3.3.6
2025.10.15 12:03:21 INFO  no build target found for C:\Users\Niklas\Studium\Semester8\Web\minesweeper-web\app\controllers\HomeController.scala. Using presentation compiler with project's scala-library version: 3.3.6
2025.10.15 12:03:21 INFO  no build target found for C:\Users\Niklas\Studium\Semester8\Web\minesweeper-web\app\controllers\HomeController.scala. Using presentation compiler with project's scala-library version: 3.3.6
2025.10.15 12:03:21 INFO  no build target found for C:\Users\Niklas\Studium\Semester8\Web\minesweeper-web\app\controllers\HomeController.scala. Using presentation compiler with project's scala-library version: 3.3.6
2025.10.15 12:03:21 INFO  no build target found for C:\Users\Niklas\Studium\Semester8\Web\minesweeper-web\app\controllers\HomeController.scala. Using presentation compiler with project's scala-library version: 3.3.6
2025.10.15 12:03:22 INFO  no build target found for C:\Users\Niklas\Studium\Semester8\Web\minesweeper-web\app\controllers\HomeController.scala. Using presentation compiler with project's scala-library version: 3.3.6
2025.10.15 12:03:23 INFO  no build target found for C:\Users\Niklas\Studium\Semester8\Web\minesweeper-web\app\controllers\HomeController.scala. Using presentation compiler with project's scala-library version: 3.3.6
2025.10.15 12:03:23 INFO  no build target found for C:\Users\Niklas\Studium\Semester8\Web\minesweeper-web\app\controllers\HomeController.scala. Using presentation compiler with project's scala-library version: 3.3.6
2025.10.15 12:03:23 INFO  no build target found for C:\Users\Niklas\Studium\Semester8\Web\minesweeper-web\app\controllers\HomeController.scala. Using presentation compiler with project's scala-library version: 3.3.6
2025.10.15 12:03:23 INFO  no build target found for C:\Users\Niklas\Studium\Semester8\Web\minesweeper-web\app\controllers\HomeController.scala. Using presentation compiler with project's scala-library version: 3.3.6
2025.10.15 12:03:23 INFO  no build target found for C:\Users\Niklas\Studium\Semester8\Web\minesweeper-web\app\controllers\HomeController.scala. Using presentation compiler with project's scala-library version: 3.3.6
2025.10.15 12:03:23 INFO  no build target found for C:\Users\Niklas\Studium\Semester8\Web\minesweeper-web\app\controllers\HomeController.scala. Using presentation compiler with project's scala-library version: 3.3.6
2025.10.15 12:03:23 INFO  no build target found for C:\Users\Niklas\Studium\Semester8\Web\minesweeper-web\app\controllers\HomeController.scala. Using presentation compiler with project's scala-library version: 3.3.6
2025.10.15 12:03:24 INFO  no build target found for C:\Users\Niklas\Studium\Semester8\Web\minesweeper-web\app\controllers\HomeController.scala. Using presentation compiler with project's scala-library version: 3.3.6
2025.10.15 12:03:24 INFO  no build target found for C:\Users\Niklas\Studium\Semester8\Web\minesweeper-web\app\controllers\HomeController.scala. Using presentation compiler with project's scala-library version: 3.3.6
2025.10.15 12:03:25 INFO  no build target found for C:\Users\Niklas\Studium\Semester8\Web\minesweeper-web\app\controllers\HomeController.scala. Using presentation compiler with project's scala-library version: 3.3.6
2025.10.15 12:03:26 INFO  no build target found for C:\Users\Niklas\Studium\Semester8\Web\minesweeper-web\app\controllers\HomeController.scala. Using presentation compiler with project's scala-library version: 3.3.6
2025.10.15 12:03:25 INFO  no build target found for C:\Users\Niklas\Studium\Semester8\Web\minesweeper-web\app\controllers\HomeController.scala. Using presentation compiler with project's scala-library version: 3.3.6
2025.10.15 12:03:25 INFO  no build target found for C:\Users\Niklas\Studium\Semester8\Web\minesweeper-web\app\controllers\HomeController.scala. Using presentation compiler with project's scala-library version: 3.3.6
2025.10.15 12:03:26 INFO  no build target found for C:\Users\Niklas\Studium\Semester8\Web\minesweeper-web\app\controllers\HomeController.scala. Using presentation compiler with project's scala-library version: 3.3.6
2025.10.15 12:03:27 INFO  no build target found for C:\Users\Niklas\Studium\Semester8\Web\minesweeper-web\app\controllers\HomeController.scala. Using presentation compiler with project's scala-library version: 3.3.6
2025.10.15 12:03:29 INFO  no build target found for C:\Users\Niklas\Studium\Semester8\Web\minesweeper-web\app\controllers\HomeController.scala. Using presentation compiler with project's scala-library version: 3.3.6
2025.10.15 12:03:29 INFO  no build target found for C:\Users\Niklas\Studium\Semester8\Web\minesweeper-web\app\controllers\HomeController.scala. Using presentation compiler with project's scala-library version: 3.3.6
2025.10.15 12:03:30 INFO  no build target found for C:\Users\Niklas\Studium\Semester8\Web\minesweeper-web\app\controllers\HomeController.scala. Using presentation compiler with project's scala-library version: 3.3.6
2025.10.15 12:03:29 INFO  no build target found for C:\Users\Niklas\Studium\Semester8\Web\minesweeper-web\app\controllers\HomeController.scala. Using presentation compiler with project's scala-library version: 3.3.6
2025.10.15 12:03:29 INFO  no build target found for C:\Users\Niklas\Studium\Semester8\Web\minesweeper-web\app\controllers\HomeController.scala. Using presentation compiler with project's scala-library version: 3.3.6
2025.10.15 12:03:29 INFO  no build target found for C:\Users\Niklas\Studium\Semester8\Web\minesweeper-web\app\controllers\HomeController.scala. Using presentation compiler with project's scala-library version: 3.3.6
2025.10.15 12:03:30 INFO  no build target found for C:\Users\Niklas\Studium\Semester8\Web\minesweeper-web\app\controllers\HomeController.scala. Using presentation compiler with project's scala-library version: 3.3.6
2025.10.15 12:03:32 INFO  no build target found for C:\Users\Niklas\Studium\Semester8\Web\minesweeper-web\app\controllers\HomeController.scala. Using presentation compiler with project's scala-library version: 3.3.6
2025.10.15 12:03:32 INFO  no build target found for C:\Users\Niklas\Studium\Semester8\Web\minesweeper-web\app\controllers\HomeController.scala. Using presentation compiler with project's scala-library version: 3.3.6
2025.10.15 12:03:32 INFO  no build target found for C:\Users\Niklas\Studium\Semester8\Web\minesweeper-web\app\controllers\HomeController.scala. Using presentation compiler with project's scala-library version: 3.3.6
2025.10.15 12:03:32 INFO  no build target found for C:\Users\Niklas\Studium\Semester8\Web\minesweeper-web\app\controllers\HomeController.scala. Using presentation compiler with project's scala-library version: 3.3.6
2025.10.15 12:03:32 INFO  no build target found for C:\Users\Niklas\Studium\Semester8\Web\minesweeper-web\app\controllers\HomeController.scala. Using presentation compiler with project's scala-library version: 3.3.6
2025.10.15 12:03:32 INFO  no build target found for C:\Users\Niklas\Studium\Semester8\Web\minesweeper-web\app\controllers\HomeController.scala. Using presentation compiler with project's scala-library version: 3.3.6
2025.10.15 12:03:59 INFO  no build target found for C:\Users\Niklas\Studium\Semester8\Web\minesweeper-web\app\controllers\HomeController.scala. Using presentation compiler with project's scala-library version: 3.3.6
2025.10.15 12:03:59 INFO  no build target found for C:\Users\Niklas\Studium\Semester8\Web\minesweeper-web\app\controllers\HomeController.scala. Using presentation compiler with project's scala-library version: 3.3.6
2025.10.15 12:03:59 INFO  no build target found for C:\Users\Niklas\Studium\Semester8\Web\minesweeper-web\app\controllers\HomeController.scala. Using presentation compiler with project's scala-library version: 3.3.6
2025.10.15 12:04:00 INFO  no build target found for C:\Users\Niklas\Studium\Semester8\Web\minesweeper-web\app\controllers\HomeController.scala. Using presentation compiler with project's scala-library version: 3.3.6
2025.10.15 12:03:59 INFO  no build target found for C:\Users\Niklas\Studium\Semester8\Web\minesweeper-web\app\controllers\HomeController.scala. Using presentation compiler with project's scala-library version: 3.3.6
Exception in thread "pool-372-thread-1" java.lang.InterruptedException
	at scala.meta.internal.metals.FutureCancelToken.checkCanceled(FutureCancelToken.scala:29)
	at scala.meta.internal.pc.CompilerAccess.onCompilerJobQueue$$anonfun$1(CompilerAccess.scala:244)
	at scala.meta.internal.pc.CompilerJobQueue$Job.run(CompilerJobQueue.scala:153)
	at java.base/java.util.concurrent.ThreadPoolExecutor.runWorker(ThreadPoolExecutor.java:1136)
	at java.base/java.util.concurrent.ThreadPoolExecutor$Worker.run(ThreadPoolExecutor.java:635)
	at java.base/java.lang.Thread.run(Thread.java:833)
2025.10.15 12:03:59 INFO  no build target found for C:\Users\Niklas\Studium\Semester8\Web\minesweeper-web\app\controllers\HomeController.scala. Using presentation compiler with project's scala-library version: 3.3.6
2025.10.15 12:03:59 INFO  no build target found for C:\Users\Niklas\Studium\Semester8\Web\minesweeper-web\app\controllers\HomeController.scala. Using presentation compiler with project's scala-library version: 3.3.6
2025.10.15 12:04:00 INFO  no build target found for C:\Users\Niklas\Studium\Semester8\Web\minesweeper-web\app\controllers\HomeController.scala. Using presentation compiler with project's scala-library version: 3.3.6
2025.10.15 12:04:01 INFO  no build target found for C:\Users\Niklas\Studium\Semester8\Web\minesweeper-web\app\controllers\HomeController.scala. Using presentation compiler with project's scala-library version: 3.3.6
2025.10.15 12:04:01 INFO  no build target found for C:\Users\Niklas\Studium\Semester8\Web\minesweeper-web\app\controllers\HomeController.scala. Using presentation compiler with project's scala-library version: 3.3.6
2025.10.15 12:04:03 INFO  no build target found for C:\Users\Niklas\Studium\Semester8\Web\minesweeper-web\app\controllers\HomeController.scala. Using presentation compiler with project's scala-library version: 3.3.6
2025.10.15 12:04:03 INFO  no build target found for C:\Users\Niklas\Studium\Semester8\Web\minesweeper-web\app\controllers\HomeController.scala. Using presentation compiler with project's scala-library version: 3.3.6
2025.10.15 12:04:03 INFO  no build target found for C:\Users\Niklas\Studium\Semester8\Web\minesweeper-web\app\controllers\HomeController.scala. Using presentation compiler with project's scala-library version: 3.3.6
2025.10.15 12:04:04 INFO  no build target found for C:\Users\Niklas\Studium\Semester8\Web\minesweeper-web\app\controllers\HomeController.scala. Using presentation compiler with project's scala-library version: 3.3.6
2025.10.15 12:04:04 INFO  no build target found for C:\Users\Niklas\Studium\Semester8\Web\minesweeper-web\app\controllers\HomeController.scala. Using presentation compiler with project's scala-library version: 3.3.6
2025.10.15 12:04:05 INFO  no build target found for C:\Users\Niklas\Studium\Semester8\Web\minesweeper-web\app\controllers\HomeController.scala. Using presentation compiler with project's scala-library version: 3.3.6
2025.10.15 12:04:05 INFO  no build target found for C:\Users\Niklas\Studium\Semester8\Web\minesweeper-web\app\controllers\HomeController.scala. Using presentation compiler with project's scala-library version: 3.3.6
2025.10.15 12:04:05 INFO  no build target found for C:\Users\Niklas\Studium\Semester8\Web\minesweeper-web\app\controllers\HomeController.scala. Using presentation compiler with project's scala-library version: 3.3.6
2025.10.15 12:04:06 INFO  no build target found for C:\Users\Niklas\Studium\Semester8\Web\minesweeper-web\app\controllers\HomeController.scala. Using presentation compiler with project's scala-library version: 3.3.6
2025.10.15 12:04:06 INFO  no build target found for C:\Users\Niklas\Studium\Semester8\Web\minesweeper-web\app\controllers\HomeController.scala. Using presentation compiler with project's scala-library version: 3.3.6
2025.10.15 12:04:06 INFO  no build target found for C:\Users\Niklas\Studium\Semester8\Web\minesweeper-web\app\controllers\HomeController.scala. Using presentation compiler with project's scala-library version: 3.3.6
2025.10.15 12:04:06 INFO  no build target found for C:\Users\Niklas\Studium\Semester8\Web\minesweeper-web\app\controllers\HomeController.scala. Using presentation compiler with project's scala-library version: 3.3.6
2025.10.15 12:04:07 INFO  no build target found for C:\Users\Niklas\Studium\Semester8\Web\minesweeper-web\app\controllers\HomeController.scala. Using presentation compiler with project's scala-library version: 3.3.6
2025.10.15 12:04:09 INFO  no build target found for C:\Users\Niklas\Studium\Semester8\Web\minesweeper-web\app\controllers\HomeController.scala. Using presentation compiler with project's scala-library version: 3.3.6
2025.10.15 12:04:09 INFO  no build target found for C:\Users\Niklas\Studium\Semester8\Web\minesweeper-web\app\controllers\HomeController.scala. Using presentation compiler with project's scala-library version: 3.3.6
2025.10.15 12:04:09 INFO  no build target found for C:\Users\Niklas\Studium\Semester8\Web\minesweeper-web\app\controllers\HomeController.scala. Using presentation compiler with project's scala-library version: 3.3.6
2025.10.15 12:04:09 INFO  no build target found for C:\Users\Niklas\Studium\Semester8\Web\minesweeper-web\app\controllers\HomeController.scala. Using presentation compiler with project's scala-library version: 3.3.6
2025.10.15 12:04:10 INFO  no build target found for C:\Users\Niklas\Studium\Semester8\Web\minesweeper-web\app\controllers\HomeController.scala. Using presentation compiler with project's scala-library version: 3.3.6
2025.10.15 12:04:09 INFO  no build target found for C:\Users\Niklas\Studium\Semester8\Web\minesweeper-web\app\controllers\HomeController.scala. Using presentation compiler with project's scala-library version: 3.3.6
2025.10.15 12:04:11 INFO  no build target found for C:\Users\Niklas\Studium\Semester8\Web\minesweeper-web\app\controllers\HomeController.scala. Using presentation compiler with project's scala-library version: 3.3.6
2025.10.15 12:04:11 INFO  no build target found for C:\Users\Niklas\Studium\Semester8\Web\minesweeper-web\app\controllers\HomeController.scala. Using presentation compiler with project's scala-library version: 3.3.6
2025.10.15 12:04:11 INFO  no build target found for C:\Users\Niklas\Studium\Semester8\Web\minesweeper-web\app\controllers\HomeController.scala. Using presentation compiler with project's scala-library version: 3.3.6
2025.10.15 12:04:11 INFO  no build target found for C:\Users\Niklas\Studium\Semester8\Web\minesweeper-web\app\controllers\HomeController.scala. Using presentation compiler with project's scala-library version: 3.3.6
2025.10.15 12:04:11 INFO  no build target found for C:\Users\Niklas\Studium\Semester8\Web\minesweeper-web\app\controllers\HomeController.scala. Using presentation compiler with project's scala-library version: 3.3.6
2025.10.15 12:04:11 INFO  no build target found for C:\Users\Niklas\Studium\Semester8\Web\minesweeper-web\app\controllers\HomeController.scala. Using presentation compiler with project's scala-library version: 3.3.6
2025.10.15 12:04:11 INFO  no build target found for C:\Users\Niklas\Studium\Semester8\Web\minesweeper-web\app\controllers\HomeController.scala. Using presentation compiler with project's scala-library version: 3.3.6
2025.10.15 12:04:12 INFO  no build target found for C:\Users\Niklas\Studium\Semester8\Web\minesweeper-web\app\controllers\HomeController.scala. Using presentation compiler with project's scala-library version: 3.3.6
2025.10.15 12:04:12 INFO  no build target found for C:\Users\Niklas\Studium\Semester8\Web\minesweeper-web\app\controllers\HomeController.scala. Using presentation compiler with project's scala-library version: 3.3.6
2025.10.15 12:04:12 INFO  no build target found for C:\Users\Niklas\Studium\Semester8\Web\minesweeper-web\app\controllers\HomeController.scala. Using presentation compiler with project's scala-library version: 3.3.6
2025.10.15 12:04:12 INFO  no build target found for C:\Users\Niklas\Studium\Semester8\Web\minesweeper-web\app\controllers\HomeController.scala. Using presentation compiler with project's scala-library version: 3.3.6
2025.10.15 12:04:14 INFO  no build target found for C:\Users\Niklas\Studium\Semester8\Web\minesweeper-web\app\controllers\HomeController.scala. Using presentation compiler with project's scala-library version: 3.3.6
2025.10.15 12:04:16 INFO  no build target found for C:\Users\Niklas\Studium\Semester8\Web\minesweeper-web\app\controllers\HomeController.scala. Using presentation compiler with project's scala-library version: 3.3.6
2025.10.15 12:04:16 INFO  no build target found for C:\Users\Niklas\Studium\Semester8\Web\minesweeper-web\app\controllers\HomeController.scala. Using presentation compiler with project's scala-library version: 3.3.6
2025.10.15 12:04:16 INFO  no build target found for C:\Users\Niklas\Studium\Semester8\Web\minesweeper-web\app\controllers\HomeController.scala. Using presentation compiler with project's scala-library version: 3.3.6
2025.10.15 12:04:16 INFO  no build target found for C:\Users\Niklas\Studium\Semester8\Web\minesweeper-web\app\controllers\HomeController.scala. Using presentation compiler with project's scala-library version: 3.3.6
2025.10.15 12:04:16 INFO  no build target found for C:\Users\Niklas\Studium\Semester8\Web\minesweeper-web\app\controllers\HomeController.scala. Using presentation compiler with project's scala-library version: 3.3.6
2025.10.15 12:04:17 INFO  no build target found for C:\Users\Niklas\Studium\Semester8\Web\minesweeper-web\app\controllers\HomeController.scala. Using presentation compiler with project's scala-library version: 3.3.6
2025.10.15 12:04:20 INFO  no build target found for C:\Users\Niklas\Studium\Semester8\Web\minesweeper-web\app\controllers\HomeController.scala. Using presentation compiler with project's scala-library version: 3.3.6
2025.10.15 12:04:20 INFO  no build target found for C:\Users\Niklas\Studium\Semester8\Web\minesweeper-web\app\controllers\HomeController.scala. Using presentation compiler with project's scala-library version: 3.3.6
2025.10.15 12:04:21 INFO  no build target found for C:\Users\Niklas\Studium\Semester8\Web\minesweeper-web\app\controllers\HomeController.scala. Using presentation compiler with project's scala-library version: 3.3.6
2025.10.15 12:04:22 INFO  no build target found for C:\Users\Niklas\Studium\Semester8\Web\minesweeper-web\app\controllers\HomeController.scala. Using presentation compiler with project's scala-library version: 3.3.6
2025.10.15 12:04:21 INFO  no build target found for C:\Users\Niklas\Studium\Semester8\Web\minesweeper-web\app\controllers\HomeController.scala. Using presentation compiler with project's scala-library version: 3.3.6
2025.10.15 12:04:21 INFO  no build target found for C:\Users\Niklas\Studium\Semester8\Web\minesweeper-web\app\controllers\HomeController.scala. Using presentation compiler with project's scala-library version: 3.3.6
2025.10.15 12:04:22 INFO  no build target found for C:\Users\Niklas\Studium\Semester8\Web\minesweeper-web\app\controllers\HomeController.scala. Using presentation compiler with project's scala-library version: 3.3.6
2025.10.15 12:04:24 INFO  no build target found for C:\Users\Niklas\Studium\Semester8\Web\minesweeper-web\app\controllers\HomeController.scala. Using presentation compiler with project's scala-library version: 3.3.6
2025.10.15 12:04:24 INFO  no build target found for C:\Users\Niklas\Studium\Semester8\Web\minesweeper-web\app\controllers\HomeController.scala. Using presentation compiler with project's scala-library version: 3.3.6
2025.10.15 12:04:24 INFO  no build target found for C:\Users\Niklas\Studium\Semester8\Web\minesweeper-web\app\controllers\HomeController.scala. Using presentation compiler with project's scala-library version: 3.3.6
2025.10.15 12:04:25 INFO  no build target found for C:\Users\Niklas\Studium\Semester8\Web\minesweeper-web\app\controllers\HomeController.scala. Using presentation compiler with project's scala-library version: 3.3.6
2025.10.15 12:04:25 INFO  no build target found for C:\Users\Niklas\Studium\Semester8\Web\minesweeper-web\app\controllers\HomeController.scala. Using presentation compiler with project's scala-library version: 3.3.6
2025.10.15 12:04:25 INFO  no build target found for C:\Users\Niklas\Studium\Semester8\Web\minesweeper-web\app\controllers\HomeController.scala. Using presentation compiler with project's scala-library version: 3.3.6
2025.10.15 12:04:25 INFO  no build target found for C:\Users\Niklas\Studium\Semester8\Web\minesweeper-web\app\controllers\HomeController.scala. Using presentation compiler with project's scala-library version: 3.3.6
2025.10.15 12:04:25 INFO  no build target found for C:\Users\Niklas\Studium\Semester8\Web\minesweeper-web\app\controllers\HomeController.scala. Using presentation compiler with project's scala-library version: 3.3.6
2025.10.15 12:04:25 INFO  empty definition using pc, found symbol in pc: `<none>`. (full report at: "C:\Users\Niklas\Studium\Semester8\Web\minesweeper-web\.metals\.reports\metals-full\2025-10-15\r_empty-definition_10-50-04-061.md")
2025.10.15 12:04:25 INFO  no build target found for C:\Users\Niklas\Studium\Semester8\Web\minesweeper-web\app\controllers\HomeController.scala. Using presentation compiler with project's scala-library version: 3.3.6
2025.10.15 12:04:25 INFO  no build target found for C:\Users\Niklas\Studium\Semester8\Web\minesweeper-web\app\controllers\HomeController.scala. Using presentation compiler with project's scala-library version: 3.3.6
2025.10.15 12:04:26 INFO  empty definition using pc, found symbol in pc: `<none>`. (full report at: "C:\Users\Niklas\Studium\Semester8\Web\minesweeper-web\.metals\.reports\metals-full\2025-10-15\r_empty-definition_10-50-04-061.md")
2025.10.15 12:04:26 INFO  empty definition using pc, found symbol in pc: `<none>`. (full report at: "C:\Users\Niklas\Studium\Semester8\Web\minesweeper-web\.metals\.reports\metals-full\2025-10-15\r_empty-definition_10-50-04-061.md")
2025.10.15 12:04:26 INFO  no build target found for C:\Users\Niklas\Studium\Semester8\Web\minesweeper-web\app\controllers\HomeController.scala. Using presentation compiler with project's scala-library version: 3.3.6
2025.10.15 12:04:26 INFO  no build target found for C:\Users\Niklas\Studium\Semester8\Web\minesweeper-web\app\controllers\HomeController.scala. Using presentation compiler with project's scala-library version: 3.3.6
2025.10.15 12:04:26 INFO  no build target found for C:\Users\Niklas\Studium\Semester8\Web\minesweeper-web\app\controllers\HomeController.scala. Using presentation compiler with project's scala-library version: 3.3.6
2025.10.15 12:04:25 INFO  no build target found for C:\Users\Niklas\Studium\Semester8\Web\minesweeper-web\app\controllers\HomeController.scala. Using presentation compiler with project's scala-library version: 3.3.6
2025.10.15 12:04:26 INFO  no build target found for C:\Users\Niklas\Studium\Semester8\Web\minesweeper-web\app\controllers\HomeController.scala. Using presentation compiler with project's scala-library version: 3.3.6
2025.10.15 12:04:25 INFO  empty definition using pc, found symbol in pc: `<none>`. (full report at: "C:\Users\Niklas\Studium\Semester8\Web\minesweeper-web\.metals\.reports\metals-full\2025-10-15\r_empty-definition_10-50-04-061.md")
2025.10.15 12:04:26 INFO  no build target found for C:\Users\Niklas\Studium\Semester8\Web\minesweeper-web\app\controllers\HomeController.scala. Using presentation compiler with project's scala-library version: 3.3.6
2025.10.15 12:04:26 INFO  no build target found for C:\Users\Niklas\Studium\Semester8\Web\minesweeper-web\app\controllers\HomeController.scala. Using presentation compiler with project's scala-library version: 3.3.6
2025.10.15 12:04:27 INFO  no build target found for C:\Users\Niklas\Studium\Semester8\Web\minesweeper-web\app\controllers\HomeController.scala. Using presentation compiler with project's scala-library version: 3.3.6
2025.10.15 12:04:27 INFO  no build target found for C:\Users\Niklas\Studium\Semester8\Web\minesweeper-web\app\controllers\HomeController.scala. Using presentation compiler with project's scala-library version: 3.3.6
2025.10.15 12:04:27 INFO  no build target found for C:\Users\Niklas\Studium\Semester8\Web\minesweeper-web\app\controllers\HomeController.scala. Using presentation compiler with project's scala-library version: 3.3.6
2025.10.15 12:04:27 INFO  no build target found for C:\Users\Niklas\Studium\Semester8\Web\minesweeper-web\app\controllers\HomeController.scala. Using presentation compiler with project's scala-library version: 3.3.6
2025.10.15 12:04:28 INFO  no build target found for C:\Users\Niklas\Studium\Semester8\Web\minesweeper-web\app\controllers\HomeController.scala. Using presentation compiler with project's scala-library version: 3.3.6
2025.10.15 12:04:28 INFO  no build target found for C:\Users\Niklas\Studium\Semester8\Web\minesweeper-web\app\controllers\HomeController.scala. Using presentation compiler with project's scala-library version: 3.3.6
2025.10.15 12:04:28 INFO  no build target found for C:\Users\Niklas\Studium\Semester8\Web\minesweeper-web\app\controllers\HomeController.scala. Using presentation compiler with project's scala-library version: 3.3.6
2025.10.15 12:04:29 INFO  no build target found for C:\Users\Niklas\Studium\Semester8\Web\minesweeper-web\app\controllers\HomeController.scala. Using presentation compiler with project's scala-library version: 3.3.6
2025.10.15 12:04:29 INFO  no build target found for C:\Users\Niklas\Studium\Semester8\Web\minesweeper-web\app\controllers\HomeController.scala. Using presentation compiler with project's scala-library version: 3.3.6
2025.10.15 12:04:29 INFO  no build target found for C:\Users\Niklas\Studium\Semester8\Web\minesweeper-web\app\controllers\HomeController.scala. Using presentation compiler with project's scala-library version: 3.3.6
2025.10.15 12:04:30 INFO  no build target found for C:\Users\Niklas\Studium\Semester8\Web\minesweeper-web\app\controllers\HomeController.scala. Using presentation compiler with project's scala-library version: 3.3.6
2025.10.15 12:04:29 INFO  no build target found for C:\Users\Niklas\Studium\Semester8\Web\minesweeper-web\app\controllers\HomeController.scala. Using presentation compiler with project's scala-library version: 3.3.6
2025.10.15 12:04:31 INFO  no build target found for C:\Users\Niklas\Studium\Semester8\Web\minesweeper-web\app\controllers\HomeController.scala. Using presentation compiler with project's scala-library version: 3.3.6
2025.10.15 12:04:31 INFO  no build target found for C:\Users\Niklas\Studium\Semester8\Web\minesweeper-web\app\controllers\HomeController.scala. Using presentation compiler with project's scala-library version: 3.3.6
2025.10.15 12:04:31 INFO  no build target found for C:\Users\Niklas\Studium\Semester8\Web\minesweeper-web\app\controllers\HomeController.scala. Using presentation compiler with project's scala-library version: 3.3.6
2025.10.15 12:04:31 INFO  no build target found for C:\Users\Niklas\Studium\Semester8\Web\minesweeper-web\app\controllers\HomeController.scala. Using presentation compiler with project's scala-library version: 3.3.6
2025.10.15 12:04:31 INFO  no build target found for C:\Users\Niklas\Studium\Semester8\Web\minesweeper-web\app\controllers\HomeController.scala. Using presentation compiler with project's scala-library version: 3.3.6
2025.10.15 12:04:32 INFO  no build target found for C:\Users\Niklas\Studium\Semester8\Web\minesweeper-web\app\controllers\HomeController.scala. Using presentation compiler with project's scala-library version: 3.3.6
2025.10.15 12:04:33 INFO  no build target found for C:\Users\Niklas\Studium\Semester8\Web\minesweeper-web\app\controllers\HomeController.scala. Using presentation compiler with project's scala-library version: 3.3.6
2025.10.15 12:04:34 INFO  no build target found for C:\Users\Niklas\Studium\Semester8\Web\minesweeper-web\app\controllers\HomeController.scala. Using presentation compiler with project's scala-library version: 3.3.6
2025.10.15 12:04:38 INFO  no build target found for C:\Users\Niklas\Studium\Semester8\Web\minesweeper-web\app\controllers\HomeController.scala. Using presentation compiler with project's scala-library version: 3.3.6
2025.10.15 12:04:41 INFO  no build target found for C:\Users\Niklas\Studium\Semester8\Web\minesweeper-web\app\controllers\HomeController.scala. Using presentation compiler with project's scala-library version: 3.3.6
2025.10.15 12:04:43 INFO  no build target found for C:\Users\Niklas\Studium\Semester8\Web\minesweeper-web\app\controllers\HomeController.scala. Using presentation compiler with project's scala-library version: 3.3.6
2025.10.15 12:04:43 INFO  no build target found for C:\Users\Niklas\Studium\Semester8\Web\minesweeper-web\app\controllers\HomeController.scala. Using presentation compiler with project's scala-library version: 3.3.6
2025.10.15 12:04:43 INFO  no build target found for C:\Users\Niklas\Studium\Semester8\Web\minesweeper-web\app\controllers\HomeController.scala. Using presentation compiler with project's scala-library version: 3.3.6
2025.10.15 12:04:44 INFO  no build target found for C:\Users\Niklas\Studium\Semester8\Web\minesweeper-web\app\controllers\HomeController.scala. Using presentation compiler with project's scala-library version: 3.3.6
2025.10.15 12:04:44 INFO  no build target found for C:\Users\Niklas\Studium\Semester8\Web\minesweeper-web\app\controllers\HomeController.scala. Using presentation compiler with project's scala-library version: 3.3.6
2025.10.15 12:04:44 INFO  empty definition using pc, found symbol in pc: `<none>`. (full report at: "C:\Users\Niklas\Studium\Semester8\Web\minesweeper-web\.metals\.reports\metals-full\2025-10-15\r_empty-definition_10-50-04-061.md")
2025.10.15 12:04:45 INFO  no build target found for C:\Users\Niklas\Studium\Semester8\Web\minesweeper-web\app\controllers\HomeController.scala. Using presentation compiler with project's scala-library version: 3.3.6
2025.10.15 12:04:47 INFO  no build target found for C:\Users\Niklas\Studium\Semester8\Web\minesweeper-web\app\controllers\HomeController.scala. Using presentation compiler with project's scala-library version: 3.3.6
2025.10.15 12:04:47 INFO  no build target found for C:\Users\Niklas\Studium\Semester8\Web\minesweeper-web\app\controllers\HomeController.scala. Using presentation compiler with project's scala-library version: 3.3.6
2025.10.15 12:04:47 INFO  no build target found for C:\Users\Niklas\Studium\Semester8\Web\minesweeper-web\app\controllers\HomeController.scala. Using presentation compiler with project's scala-library version: 3.3.6
2025.10.15 12:04:48 INFO  no build target found for C:\Users\Niklas\Studium\Semester8\Web\minesweeper-web\app\controllers\HomeController.scala. Using presentation compiler with project's scala-library version: 3.3.6
2025.10.15 12:04:47 INFO  no build target found for C:\Users\Niklas\Studium\Semester8\Web\minesweeper-web\app\controllers\HomeController.scala. Using presentation compiler with project's scala-library version: 3.3.6
2025.10.15 12:04:49 INFO  no build target found for C:\Users\Niklas\Studium\Semester8\Web\minesweeper-web\app\controllers\HomeController.scala. Using presentation compiler with project's scala-library version: 3.3.6
2025.10.15 12:04:49 INFO  no build target found for C:\Users\Niklas\Studium\Semester8\Web\minesweeper-web\app\controllers\HomeController.scala. Using presentation compiler with project's scala-library version: 3.3.6
2025.10.15 12:04:49 WARN  no build target for: C:\Users\Niklas\Studium\Semester8\Web\minesweeper-web\app\controllers\HomeController.scala
2025.10.15 12:04:49 INFO  no build target found for C:\Users\Niklas\Studium\Semester8\Web\minesweeper-web\app\controllers\HomeController.scala. Using presentation compiler with project's scala-library version: 3.3.6
2025.10.15 12:04:50 INFO  no build target found for C:\Users\Niklas\Studium\Semester8\Web\minesweeper-web\app\controllers\HomeController.scala. Using presentation compiler with project's scala-library version: 3.3.6
2025.10.15 12:04:52 INFO  no build target found for C:\Users\Niklas\Studium\Semester8\Web\minesweeper-web\app\controllers\HomeController.scala. Using presentation compiler with project's scala-library version: 3.3.6
2025.10.15 12:04:53 INFO  no build target found for C:\Users\Niklas\Studium\Semester8\Web\minesweeper-web\app\controllers\HomeController.scala. Using presentation compiler with project's scala-library version: 3.3.6
2025.10.15 12:04:53 INFO  no build target found for C:\Users\Niklas\Studium\Semester8\Web\minesweeper-web\app\controllers\HomeController.scala. Using presentation compiler with project's scala-library version: 3.3.6
2025.10.15 12:04:57 INFO  no build target found for C:\Users\Niklas\Studium\Semester8\Web\minesweeper-web\app\controllers\HomeController.scala. Using presentation compiler with project's scala-library version: 3.3.6
2025.10.15 12:04:57 INFO  no build target found for C:\Users\Niklas\Studium\Semester8\Web\minesweeper-web\app\controllers\HomeController.scala. Using presentation compiler with project's scala-library version: 3.3.6
2025.10.15 12:04:57 INFO  no build target found for C:\Users\Niklas\Studium\Semester8\Web\minesweeper-web\app\controllers\HomeController.scala. Using presentation compiler with project's scala-library version: 3.3.6
2025.10.15 12:04:59 INFO  no build target found for C:\Users\Niklas\Studium\Semester8\Web\minesweeper-web\app\controllers\HomeController.scala. Using presentation compiler with project's scala-library version: 3.3.6
2025.10.15 12:05:01 INFO  no build target found for C:\Users\Niklas\Studium\Semester8\Web\minesweeper-web\app\controllers\HomeController.scala. Using presentation compiler with project's scala-library version: 3.3.6
2025.10.15 12:05:01 INFO  no build target found for C:\Users\Niklas\Studium\Semester8\Web\minesweeper-web\app\controllers\HomeController.scala. Using presentation compiler with project's scala-library version: 3.3.6
2025.10.15 12:05:02 INFO  no build target found for C:\Users\Niklas\Studium\Semester8\Web\minesweeper-web\app\controllers\HomeController.scala. Using presentation compiler with project's scala-library version: 3.3.6
2025.10.15 12:05:04 INFO  no build target found for C:\Users\Niklas\Studium\Semester8\Web\minesweeper-web\app\controllers\HomeController.scala. Using presentation compiler with project's scala-library version: 3.3.6
Okt. 15, 2025 12:05:04 PM org.eclipse.lsp4j.jsonrpc.RemoteEndpoint handleCancellation
WARNING: Unmatched cancel notification for request id 2044
2025.10.15 12:05:05 INFO  no build target found for C:\Users\Niklas\Studium\Semester8\Web\minesweeper-web\app\controllers\HomeController.scala. Using presentation compiler with project's scala-library version: 3.3.6
2025.10.15 12:05:07 INFO  no build target found for C:\Users\Niklas\Studium\Semester8\Web\minesweeper-web\app\controllers\HomeController.scala. Using presentation compiler with project's scala-library version: 3.3.6
2025.10.15 12:07:06 INFO  no build target found for C:\Users\Niklas\Studium\Semester8\Web\minesweeper-web\app\controllers\HomeController.scala. Using presentation compiler with project's scala-library version: 3.3.6
2025.10.15 12:07:06 INFO  no build target found for C:\Users\Niklas\Studium\Semester8\Web\minesweeper-web\app\controllers\HomeController.scala. Using presentation compiler with project's scala-library version: 3.3.6
2025.10.15 12:07:06 INFO  no build target found for C:\Users\Niklas\Studium\Semester8\Web\minesweeper-web\app\controllers\HomeController.scala. Using presentation compiler with project's scala-library version: 3.3.6
2025.10.15 12:07:07 INFO  no build target found for C:\Users\Niklas\Studium\Semester8\Web\minesweeper-web\app\controllers\HomeController.scala. Using presentation compiler with project's scala-library version: 3.3.6
2025.10.15 12:07:06 INFO  no build target found for C:\Users\Niklas\Studium\Semester8\Web\minesweeper-web\app\controllers\HomeController.scala. Using presentation compiler with project's scala-library version: 3.3.6
2025.10.15 12:07:06 INFO  no build target found for C:\Users\Niklas\Studium\Semester8\Web\minesweeper-web\app\controllers\HomeController.scala. Using presentation compiler with project's scala-library version: 3.3.6
2025.10.15 12:07:07 INFO  no build target found for C:\Users\Niklas\Studium\Semester8\Web\minesweeper-web\app\controllers\HomeController.scala. Using presentation compiler with project's scala-library version: 3.3.6
2025.10.15 12:07:07 INFO  no build target found for C:\Users\Niklas\Studium\Semester8\Web\minesweeper-web\app\controllers\HomeController.scala. Using presentation compiler with project's scala-library version: 3.3.6
2025.10.15 12:07:07 INFO  no build target found for C:\Users\Niklas\Studium\Semester8\Web\minesweeper-web\app\controllers\HomeController.scala. Using presentation compiler with project's scala-library version: 3.3.6
2025.10.15 12:07:08 WARN  no build target for: C:\Users\Niklas\Studium\Semester8\Web\minesweeper-web\app\controllers\HomeController.scala
2025.10.15 12:07:08 INFO  no build target found for C:\Users\Niklas\Studium\Semester8\Web\minesweeper-web\app\controllers\HomeController.scala. Using presentation compiler with project's scala-library version: 3.3.6
2025.10.15 12:07:09 INFO  no build target found for C:\Users\Niklas\Studium\Semester8\Web\minesweeper-web\app\controllers\HomeController.scala. Using presentation compiler with project's scala-library version: 3.3.6
2025.10.15 12:07:09 INFO  no build target found for C:\Users\Niklas\Studium\Semester8\Web\minesweeper-web\app\controllers\HomeController.scala. Using presentation compiler with project's scala-library version: 3.3.6
2025.10.15 12:08:36 WARN  no build target for: C:\Users\Niklas\Studium\Semester8\Web\minesweeper-web\app\controllers\HomeController.scala
2025.10.15 12:08:36 INFO  no build target found for C:\Users\Niklas\Studium\Semester8\Web\minesweeper-web\app\controllers\HomeController.scala. Using presentation compiler with project's scala-library version: 3.3.6
2025.10.15 12:08:36 INFO  no build target found for C:\Users\Niklas\Studium\Semester8\Web\minesweeper-web\app\controllers\HomeController.scala. Using presentation compiler with project's scala-library version: 3.3.6
2025.10.15 12:08:36 INFO  no build target found for C:\Users\Niklas\Studium\Semester8\Web\minesweeper-web\app\controllers\HomeController.scala. Using presentation compiler with project's scala-library version: 3.3.6
2025.10.15 12:08:36 INFO  no build target found for C:\Users\Niklas\Studium\Semester8\Web\minesweeper-web\app\controllers\HomeController.scala. Using presentation compiler with project's scala-library version: 3.3.6
2025.10.15 12:09:12 INFO  no build target found for C:\Users\Niklas\Studium\Semester8\Web\minesweeper-web\app\controllers\HomeController.scala. Using presentation compiler with project's scala-library version: 3.3.6
2025.10.15 12:09:12 INFO  no build target found for C:\Users\Niklas\Studium\Semester8\Web\minesweeper-web\app\controllers\HomeController.scala. Using presentation compiler with project's scala-library version: 3.3.6
2025.10.15 12:09:13 INFO  no build target found for C:\Users\Niklas\Studium\Semester8\Web\minesweeper-web\app\controllers\HomeController.scala. Using presentation compiler with project's scala-library version: 3.3.6
2025.10.15 12:09:13 INFO  no build target found for C:\Users\Niklas\Studium\Semester8\Web\minesweeper-web\app\controllers\HomeController.scala. Using presentation compiler with project's scala-library version: 3.3.6
2025.10.15 12:09:13 INFO  no build target found for C:\Users\Niklas\Studium\Semester8\Web\minesweeper-web\app\controllers\HomeController.scala. Using presentation compiler with project's scala-library version: 3.3.6
2025.10.15 12:09:13 INFO  no build target found for C:\Users\Niklas\Studium\Semester8\Web\minesweeper-web\app\controllers\HomeController.scala. Using presentation compiler with project's scala-library version: 3.3.6
2025.10.15 12:09:14 INFO  no build target found for C:\Users\Niklas\Studium\Semester8\Web\minesweeper-web\app\controllers\HomeController.scala. Using presentation compiler with project's scala-library version: 3.3.6
2025.10.15 12:09:14 WARN  no build target for: C:\Users\Niklas\Studium\Semester8\Web\minesweeper-web\app\controllers\HomeController.scala
2025.10.15 12:09:14 INFO  no build target found for C:\Users\Niklas\Studium\Semester8\Web\minesweeper-web\app\controllers\HomeController.scala. Using presentation compiler with project's scala-library version: 3.3.6
2025.10.15 12:09:14 INFO  no build target found for C:\Users\Niklas\Studium\Semester8\Web\minesweeper-web\app\controllers\HomeController.scala. Using presentation compiler with project's scala-library version: 3.3.6
2025.10.15 12:09:14 INFO  no build target found for C:\Users\Niklas\Studium\Semester8\Web\minesweeper-web\app\controllers\HomeController.scala. Using presentation compiler with project's scala-library version: 3.3.6
2025.10.15 12:09:14 INFO  empty definition using pc, found symbol in pc: `<none>`. (full report at: "C:\Users\Niklas\Studium\Semester8\Web\minesweeper-web\.metals\.reports\metals-full\2025-10-15\r_empty-definition_10-50-04-061.md")
2025.10.15 12:10:05 INFO  no build target found for C:\Users\Niklas\Studium\Semester8\Web\minesweeper-web\app\controllers\HomeController.scala. Using presentation compiler with project's scala-library version: 3.3.6
2025.10.15 12:10:07 INFO  no build target found for C:\Users\Niklas\Studium\Semester8\Web\minesweeper-web\app\controllers\HomeController.scala. Using presentation compiler with project's scala-library version: 3.3.6
2025.10.15 12:10:07 INFO  no build target found for C:\Users\Niklas\Studium\Semester8\Web\minesweeper-web\app\controllers\HomeController.scala. Using presentation compiler with project's scala-library version: 3.3.6
2025.10.15 12:10:07 INFO  no build target found for C:\Users\Niklas\Studium\Semester8\Web\minesweeper-web\app\controllers\HomeController.scala. Using presentation compiler with project's scala-library version: 3.3.6
2025.10.15 12:10:07 INFO  no build target found for C:\Users\Niklas\Studium\Semester8\Web\minesweeper-web\app\controllers\HomeController.scala. Using presentation compiler with project's scala-library version: 3.3.6
2025.10.15 12:10:07 INFO  no build target found for C:\Users\Niklas\Studium\Semester8\Web\minesweeper-web\app\controllers\HomeController.scala. Using presentation compiler with project's scala-library version: 3.3.6
2025.10.15 12:10:07 INFO  no build target found for C:\Users\Niklas\Studium\Semester8\Web\minesweeper-web\app\controllers\HomeController.scala. Using presentation compiler with project's scala-library version: 3.3.6
2025.10.15 12:10:07 INFO  no build target found for C:\Users\Niklas\Studium\Semester8\Web\minesweeper-web\app\controllers\HomeController.scala. Using presentation compiler with project's scala-library version: 3.3.6
2025.10.15 12:10:07 INFO  no build target found for C:\Users\Niklas\Studium\Semester8\Web\minesweeper-web\app\controllers\HomeController.scala. Using presentation compiler with project's scala-library version: 3.3.6
2025.10.15 12:10:08 INFO  no build target found for C:\Users\Niklas\Studium\Semester8\Web\minesweeper-web\app\controllers\HomeController.scala. Using presentation compiler with project's scala-library version: 3.3.6
2025.10.15 12:10:08 WARN  no build target for: C:\Users\Niklas\Studium\Semester8\Web\minesweeper-web\app\controllers\HomeController.scala
2025.10.15 12:10:08 INFO  no build target found for C:\Users\Niklas\Studium\Semester8\Web\minesweeper-web\app\controllers\HomeController.scala. Using presentation compiler with project's scala-library version: 3.3.6
2025.10.15 12:10:09 INFO  no build target found for C:\Users\Niklas\Studium\Semester8\Web\minesweeper-web\app\controllers\HomeController.scala. Using presentation compiler with project's scala-library version: 3.3.6
2025.10.15 12:10:09 INFO  no build target found for C:\Users\Niklas\Studium\Semester8\Web\minesweeper-web\app\controllers\HomeController.scala. Using presentation compiler with project's scala-library version: 3.3.6
2025.10.15 12:10:10 INFO  no build target found for C:\Users\Niklas\Studium\Semester8\Web\minesweeper-web\app\controllers\HomeController.scala. Using presentation compiler with project's scala-library version: 3.3.6
2025.10.15 12:10:10 INFO  no build target found for C:\Users\Niklas\Studium\Semester8\Web\minesweeper-web\app\controllers\HomeController.scala. Using presentation compiler with project's scala-library version: 3.3.6
2025.10.15 12:10:10 INFO  no build target found for C:\Users\Niklas\Studium\Semester8\Web\minesweeper-web\app\controllers\HomeController.scala. Using presentation compiler with project's scala-library version: 3.3.6
2025.10.15 12:10:12 INFO  no build target found for C:\Users\Niklas\Studium\Semester8\Web\minesweeper-web\app\controllers\HomeController.scala. Using presentation compiler with project's scala-library version: 3.3.6
2025.10.15 12:10:12 INFO  no build target found for C:\Users\Niklas\Studium\Semester8\Web\minesweeper-web\app\controllers\HomeController.scala. Using presentation compiler with project's scala-library version: 3.3.6
2025.10.15 12:10:12 INFO  no build target found for C:\Users\Niklas\Studium\Semester8\Web\minesweeper-web\app\controllers\HomeController.scala. Using presentation compiler with project's scala-library version: 3.3.6
2025.10.15 12:10:13 INFO  no build target found for C:\Users\Niklas\Studium\Semester8\Web\minesweeper-web\app\controllers\HomeController.scala. Using presentation compiler with project's scala-library version: 3.3.6
2025.10.15 12:10:13 INFO  no build target found for C:\Users\Niklas\Studium\Semester8\Web\minesweeper-web\app\controllers\HomeController.scala. Using presentation compiler with project's scala-library version: 3.3.6
2025.10.15 12:10:13 INFO  no build target found for C:\Users\Niklas\Studium\Semester8\Web\minesweeper-web\app\controllers\HomeController.scala. Using presentation compiler with project's scala-library version: 3.3.6
2025.10.15 12:10:14 INFO  no build target found for C:\Users\Niklas\Studium\Semester8\Web\minesweeper-web\app\controllers\HomeController.scala. Using presentation compiler with project's scala-library version: 3.3.6
2025.10.15 12:10:14 WARN  no build target for: C:\Users\Niklas\Studium\Semester8\Web\minesweeper-web\app\controllers\HomeController.scala
2025.10.15 12:10:14 INFO  no build target found for C:\Users\Niklas\Studium\Semester8\Web\minesweeper-web\app\controllers\HomeController.scala. Using presentation compiler with project's scala-library version: 3.3.6
2025.10.15 12:10:16 INFO  no build target found for C:\Users\Niklas\Studium\Semester8\Web\minesweeper-web\app\controllers\HomeController.scala. Using presentation compiler with project's scala-library version: 3.3.6
2025.10.15 12:10:16 INFO  no build target found for C:\Users\Niklas\Studium\Semester8\Web\minesweeper-web\app\controllers\HomeController.scala. Using presentation compiler with project's scala-library version: 3.3.6
2025.10.15 12:10:55 INFO  no build target found for C:\Users\Niklas\Studium\Semester8\Web\minesweeper-web\app\controllers\HomeController.scala. Using presentation compiler with project's scala-library version: 3.3.6
2025.10.15 12:10:55 INFO  no build target found for C:\Users\Niklas\Studium\Semester8\Web\minesweeper-web\app\controllers\HomeController.scala. Using presentation compiler with project's scala-library version: 3.3.6
2025.10.15 12:10:55 INFO  no build target found for C:\Users\Niklas\Studium\Semester8\Web\minesweeper-web\app\controllers\HomeController.scala. Using presentation compiler with project's scala-library version: 3.3.6
2025.10.15 12:11:08 INFO  no build target found for C:\Users\Niklas\Studium\Semester8\Web\minesweeper-web\app\controllers\HomeController.scala. Using presentation compiler with project's scala-library version: 3.3.6
2025.10.15 12:11:09 INFO  no build target found for C:\Users\Niklas\Studium\Semester8\Web\minesweeper-web\app\controllers\HomeController.scala. Using presentation compiler with project's scala-library version: 3.3.6
2025.10.15 12:11:42 INFO  no build target found for C:\Users\Niklas\Studium\Semester8\Web\minesweeper-web\app\controllers\HomeController.scala. Using presentation compiler with project's scala-library version: 3.3.6
2025.10.15 12:11:42 INFO  no build target found for C:\Users\Niklas\Studium\Semester8\Web\minesweeper-web\app\controllers\HomeController.scala. Using presentation compiler with project's scala-library version: 3.3.6
2025.10.15 12:11:43 INFO  no build target found for C:\Users\Niklas\Studium\Semester8\Web\minesweeper-web\app\controllers\HomeController.scala. Using presentation compiler with project's scala-library version: 3.3.6
2025.10.15 12:11:43 INFO  no build target found for C:\Users\Niklas\Studium\Semester8\Web\minesweeper-web\app\controllers\HomeController.scala. Using presentation compiler with project's scala-library version: 3.3.6
2025.10.15 12:11:43 INFO  no build target found for C:\Users\Niklas\Studium\Semester8\Web\minesweeper-web\app\controllers\HomeController.scala. Using presentation compiler with project's scala-library version: 3.3.6
2025.10.15 12:11:44 INFO  no build target found for C:\Users\Niklas\Studium\Semester8\Web\minesweeper-web\app\controllers\HomeController.scala. Using presentation compiler with project's scala-library version: 3.3.6
2025.10.15 12:11:43 INFO  no build target found for C:\Users\Niklas\Studium\Semester8\Web\minesweeper-web\app\controllers\HomeController.scala. Using presentation compiler with project's scala-library version: 3.3.6
2025.10.15 12:11:44 INFO  empty definition using pc, found symbol in pc: `<none>`. (full report at: "C:\Users\Niklas\Studium\Semester8\Web\minesweeper-web\.metals\.reports\metals-full\2025-10-15\r_empty-definition_10-50-04-061.md")
2025.10.15 12:11:43 INFO  no build target found for C:\Users\Niklas\Studium\Semester8\Web\minesweeper-web\app\controllers\HomeController.scala. Using presentation compiler with project's scala-library version: 3.3.6
2025.10.15 12:11:44 INFO  no build target found for C:\Users\Niklas\Studium\Semester8\Web\minesweeper-web\app\controllers\HomeController.scala. Using presentation compiler with project's scala-library version: 3.3.6
2025.10.15 12:11:44 INFO  no build target found for C:\Users\Niklas\Studium\Semester8\Web\minesweeper-web\app\controllers\HomeController.scala. Using presentation compiler with project's scala-library version: 3.3.6
2025.10.15 12:11:44 INFO  empty definition using pc, found symbol in pc: `<none>`. (full report at: "C:\Users\Niklas\Studium\Semester8\Web\minesweeper-web\.metals\.reports\metals-full\2025-10-15\r_empty-definition_10-50-04-061.md")
2025.10.15 12:11:43 INFO  no build target found for C:\Users\Niklas\Studium\Semester8\Web\minesweeper-web\app\controllers\HomeController.scala. Using presentation compiler with project's scala-library version: 3.3.6
2025.10.15 12:11:44 INFO  no build target found for C:\Users\Niklas\Studium\Semester8\Web\minesweeper-web\app\controllers\HomeController.scala. Using presentation compiler with project's scala-library version: 3.3.6
2025.10.15 12:11:52 INFO  no build target found for C:\Users\Niklas\Studium\Semester8\Web\minesweeper-web\app\controllers\HomeController.scala. Using presentation compiler with project's scala-library version: 3.3.6
2025.10.15 12:11:52 INFO  no build target found for C:\Users\Niklas\Studium\Semester8\Web\minesweeper-web\app\controllers\HomeController.scala. Using presentation compiler with project's scala-library version: 3.3.6
2025.10.15 12:11:52 INFO  empty definition using pc, found symbol in pc: `<none>`. (full report at: "C:\Users\Niklas\Studium\Semester8\Web\minesweeper-web\.metals\.reports\metals-full\2025-10-15\r_empty-definition_10-50-04-061.md")
2025.10.15 12:11:52 INFO  no build target found for C:\Users\Niklas\Studium\Semester8\Web\minesweeper-web\app\controllers\HomeController.scala. Using presentation compiler with project's scala-library version: 3.3.6
2025.10.15 12:11:52 INFO  no build target found for C:\Users\Niklas\Studium\Semester8\Web\minesweeper-web\app\controllers\HomeController.scala. Using presentation compiler with project's scala-library version: 3.3.6
2025.10.15 12:11:52 INFO  no build target found for C:\Users\Niklas\Studium\Semester8\Web\minesweeper-web\app\controllers\HomeController.scala. Using presentation compiler with project's scala-library version: 3.3.6
2025.10.15 12:11:52 INFO  no build target found for C:\Users\Niklas\Studium\Semester8\Web\minesweeper-web\app\controllers\HomeController.scala. Using presentation compiler with project's scala-library version: 3.3.6
2025.10.15 12:11:52 INFO  no build target found for C:\Users\Niklas\Studium\Semester8\Web\minesweeper-web\app\controllers\HomeController.scala. Using presentation compiler with project's scala-library version: 3.3.6
2025.10.15 12:11:52 INFO  empty definition using pc, found symbol in pc: `<none>`. (full report at: "C:\Users\Niklas\Studium\Semester8\Web\minesweeper-web\.metals\.reports\metals-full\2025-10-15\r_empty-definition_10-50-04-061.md")
2025.10.15 12:11:52 INFO  no build target found for C:\Users\Niklas\Studium\Semester8\Web\minesweeper-web\app\controllers\HomeController.scala. Using presentation compiler with project's scala-library version: 3.3.6
2025.10.15 12:11:53 INFO  no build target found for C:\Users\Niklas\Studium\Semester8\Web\minesweeper-web\app\controllers\HomeController.scala. Using presentation compiler with project's scala-library version: 3.3.6
2025.10.15 12:11:52 INFO  no build target found for C:\Users\Niklas\Studium\Semester8\Web\minesweeper-web\app\controllers\HomeController.scala. Using presentation compiler with project's scala-library version: 3.3.6
2025.10.15 12:11:53 INFO  no build target found for C:\Users\Niklas\Studium\Semester8\Web\minesweeper-web\app\controllers\HomeController.scala. Using presentation compiler with project's scala-library version: 3.3.6
2025.10.15 12:11:55 INFO  no build target found for C:\Users\Niklas\Studium\Semester8\Web\minesweeper-web\app\controllers\HomeController.scala. Using presentation compiler with project's scala-library version: 3.3.6
2025.10.15 12:11:55 INFO  no build target found for C:\Users\Niklas\Studium\Semester8\Web\minesweeper-web\app\controllers\HomeController.scala. Using presentation compiler with project's scala-library version: 3.3.6
2025.10.15 12:11:55 INFO  no build target found for C:\Users\Niklas\Studium\Semester8\Web\minesweeper-web\app\controllers\HomeController.scala. Using presentation compiler with project's scala-library version: 3.3.6
2025.10.15 12:11:55 INFO  no build target found for C:\Users\Niklas\Studium\Semester8\Web\minesweeper-web\app\controllers\HomeController.scala. Using presentation compiler with project's scala-library version: 3.3.6
2025.10.15 12:11:55 INFO  no build target found for C:\Users\Niklas\Studium\Semester8\Web\minesweeper-web\app\controllers\HomeController.scala. Using presentation compiler with project's scala-library version: 3.3.6
2025.10.15 12:11:55 INFO  no build target found for C:\Users\Niklas\Studium\Semester8\Web\minesweeper-web\app\controllers\HomeController.scala. Using presentation compiler with project's scala-library version: 3.3.6
2025.10.15 12:11:55 INFO  no build target found for C:\Users\Niklas\Studium\Semester8\Web\minesweeper-web\app\controllers\HomeController.scala. Using presentation compiler with project's scala-library version: 3.3.6
2025.10.15 12:11:55 INFO  no build target found for C:\Users\Niklas\Studium\Semester8\Web\minesweeper-web\app\controllers\HomeController.scala. Using presentation compiler with project's scala-library version: 3.3.6
2025.10.15 12:11:55 INFO  empty definition using pc, found symbol in pc: `<none>`. (full report at: "C:\Users\Niklas\Studium\Semester8\Web\minesweeper-web\.metals\.reports\metals-full\2025-10-15\r_empty-definition_10-50-04-061.md")
2025.10.15 12:11:55 INFO  no build target found for C:\Users\Niklas\Studium\Semester8\Web\minesweeper-web\app\controllers\HomeController.scala. Using presentation compiler with project's scala-library version: 3.3.6
2025.10.15 12:11:55 INFO  no build target found for C:\Users\Niklas\Studium\Semester8\Web\minesweeper-web\app\controllers\HomeController.scala. Using presentation compiler with project's scala-library version: 3.3.6
2025.10.15 12:11:55 INFO  no build target found for C:\Users\Niklas\Studium\Semester8\Web\minesweeper-web\app\controllers\HomeController.scala. Using presentation compiler with project's scala-library version: 3.3.6
2025.10.15 12:11:56 INFO  no build target found for C:\Users\Niklas\Studium\Semester8\Web\minesweeper-web\app\controllers\HomeController.scala. Using presentation compiler with project's scala-library version: 3.3.6
2025.10.15 12:11:56 INFO  no build target found for C:\Users\Niklas\Studium\Semester8\Web\minesweeper-web\app\controllers\HomeController.scala. Using presentation compiler with project's scala-library version: 3.3.6
2025.10.15 12:11:57 INFO  no build target found for C:\Users\Niklas\Studium\Semester8\Web\minesweeper-web\app\controllers\HomeController.scala. Using presentation compiler with project's scala-library version: 3.3.6
2025.10.15 12:11:56 INFO  no build target found for C:\Users\Niklas\Studium\Semester8\Web\minesweeper-web\app\controllers\HomeController.scala. Using presentation compiler with project's scala-library version: 3.3.6
2025.10.15 12:11:57 INFO  empty definition using pc, found symbol in pc: `<none>`. (full report at: "C:\Users\Niklas\Studium\Semester8\Web\minesweeper-web\.metals\.reports\metals-full\2025-10-15\r_empty-definition_10-50-04-061.md")
2025.10.15 12:11:57 INFO  no build target found for C:\Users\Niklas\Studium\Semester8\Web\minesweeper-web\app\controllers\HomeController.scala. Using presentation compiler with project's scala-library version: 3.3.6
2025.10.15 12:11:57 INFO  no build target found for C:\Users\Niklas\Studium\Semester8\Web\minesweeper-web\app\controllers\HomeController.scala. Using presentation compiler with project's scala-library version: 3.3.6
2025.10.15 12:11:57 INFO  no build target found for C:\Users\Niklas\Studium\Semester8\Web\minesweeper-web\app\controllers\HomeController.scala. Using presentation compiler with project's scala-library version: 3.3.6
2025.10.15 12:11:57 INFO  no build target found for C:\Users\Niklas\Studium\Semester8\Web\minesweeper-web\app\controllers\HomeController.scala. Using presentation compiler with project's scala-library version: 3.3.6
2025.10.15 12:11:57 INFO  empty definition using pc, found symbol in pc: `<none>`. (full report at: "C:\Users\Niklas\Studium\Semester8\Web\minesweeper-web\.metals\.reports\metals-full\2025-10-15\r_empty-definition_10-50-04-061.md")
2025.10.15 12:11:58 INFO  no build target found for C:\Users\Niklas\Studium\Semester8\Web\minesweeper-web\app\controllers\HomeController.scala. Using presentation compiler with project's scala-library version: 3.3.6
2025.10.15 12:11:57 INFO  no build target found for C:\Users\Niklas\Studium\Semester8\Web\minesweeper-web\app\controllers\HomeController.scala. Using presentation compiler with project's scala-library version: 3.3.6
2025.10.15 12:11:58 INFO  no build target found for C:\Users\Niklas\Studium\Semester8\Web\minesweeper-web\app\controllers\HomeController.scala. Using presentation compiler with project's scala-library version: 3.3.6
2025.10.15 12:11:58 INFO  no build target found for C:\Users\Niklas\Studium\Semester8\Web\minesweeper-web\app\controllers\HomeController.scala. Using presentation compiler with project's scala-library version: 3.3.6
2025.10.15 12:11:59 INFO  no build target found for C:\Users\Niklas\Studium\Semester8\Web\minesweeper-web\app\controllers\HomeController.scala. Using presentation compiler with project's scala-library version: 3.3.6
2025.10.15 12:11:59 INFO  no build target found for C:\Users\Niklas\Studium\Semester8\Web\minesweeper-web\app\controllers\HomeController.scala. Using presentation compiler with project's scala-library version: 3.3.6
2025.10.15 12:11:58 INFO  no build target found for C:\Users\Niklas\Studium\Semester8\Web\minesweeper-web\app\controllers\HomeController.scala. Using presentation compiler with project's scala-library version: 3.3.6
2025.10.15 12:11:59 INFO  no build target found for C:\Users\Niklas\Studium\Semester8\Web\minesweeper-web\app\controllers\HomeController.scala. Using presentation compiler with project's scala-library version: 3.3.6
2025.10.15 12:11:59 INFO  empty definition using pc, found symbol in pc: `<none>`. (full report at: "C:\Users\Niklas\Studium\Semester8\Web\minesweeper-web\.metals\.reports\metals-full\2025-10-15\r_empty-definition_10-50-04-061.md")
2025.10.15 12:11:58 INFO  no build target found for C:\Users\Niklas\Studium\Semester8\Web\minesweeper-web\app\controllers\HomeController.scala. Using presentation compiler with project's scala-library version: 3.3.6
2025.10.15 12:11:58 INFO  no build target found for C:\Users\Niklas\Studium\Semester8\Web\minesweeper-web\app\controllers\HomeController.scala. Using presentation compiler with project's scala-library version: 3.3.6
2025.10.15 12:11:58 INFO  no build target found for C:\Users\Niklas\Studium\Semester8\Web\minesweeper-web\app\controllers\HomeController.scala. Using presentation compiler with project's scala-library version: 3.3.6
2025.10.15 12:12:00 INFO  no build target found for C:\Users\Niklas\Studium\Semester8\Web\minesweeper-web\app\controllers\HomeController.scala. Using presentation compiler with project's scala-library version: 3.3.6
2025.10.15 12:12:00 INFO  no build target found for C:\Users\Niklas\Studium\Semester8\Web\minesweeper-web\app\controllers\HomeController.scala. Using presentation compiler with project's scala-library version: 3.3.6
2025.10.15 12:12:00 INFO  no build target found for C:\Users\Niklas\Studium\Semester8\Web\minesweeper-web\app\controllers\HomeController.scala. Using presentation compiler with project's scala-library version: 3.3.6
2025.10.15 12:12:00 INFO  no build target found for C:\Users\Niklas\Studium\Semester8\Web\minesweeper-web\app\controllers\HomeController.scala. Using presentation compiler with project's scala-library version: 3.3.6
2025.10.15 12:12:00 INFO  empty definition using pc, found symbol in pc: `<none>`. (full report at: "C:\Users\Niklas\Studium\Semester8\Web\minesweeper-web\.metals\.reports\metals-full\2025-10-15\r_empty-definition_10-50-04-061.md")
2025.10.15 12:12:00 INFO  no build target found for C:\Users\Niklas\Studium\Semester8\Web\minesweeper-web\app\controllers\HomeController.scala. Using presentation compiler with project's scala-library version: 3.3.6
2025.10.15 12:12:00 INFO  no build target found for C:\Users\Niklas\Studium\Semester8\Web\minesweeper-web\app\controllers\HomeController.scala. Using presentation compiler with project's scala-library version: 3.3.6
2025.10.15 12:12:00 INFO  no build target found for C:\Users\Niklas\Studium\Semester8\Web\minesweeper-web\app\controllers\HomeController.scala. Using presentation compiler with project's scala-library version: 3.3.6
2025.10.15 12:12:00 INFO  no build target found for C:\Users\Niklas\Studium\Semester8\Web\minesweeper-web\app\controllers\HomeController.scala. Using presentation compiler with project's scala-library version: 3.3.6
2025.10.15 12:12:03 INFO  no build target found for C:\Users\Niklas\Studium\Semester8\Web\minesweeper-web\app\controllers\HomeController.scala. Using presentation compiler with project's scala-library version: 3.3.6
2025.10.15 12:12:03 INFO  no build target found for C:\Users\Niklas\Studium\Semester8\Web\minesweeper-web\app\controllers\HomeController.scala. Using presentation compiler with project's scala-library version: 3.3.6
2025.10.15 12:12:03 INFO  no build target found for C:\Users\Niklas\Studium\Semester8\Web\minesweeper-web\app\controllers\HomeController.scala. Using presentation compiler with project's scala-library version: 3.3.6
2025.10.15 12:12:03 INFO  no build target found for C:\Users\Niklas\Studium\Semester8\Web\minesweeper-web\app\controllers\HomeController.scala. Using presentation compiler with project's scala-library version: 3.3.6
2025.10.15 12:12:04 INFO  no build target found for C:\Users\Niklas\Studium\Semester8\Web\minesweeper-web\app\controllers\HomeController.scala. Using presentation compiler with project's scala-library version: 3.3.6
2025.10.15 12:12:05 INFO  no build target found for C:\Users\Niklas\Studium\Semester8\Web\minesweeper-web\app\controllers\HomeController.scala. Using presentation compiler with project's scala-library version: 3.3.6
2025.10.15 12:12:04 INFO  no build target found for C:\Users\Niklas\Studium\Semester8\Web\minesweeper-web\app\controllers\HomeController.scala. Using presentation compiler with project's scala-library version: 3.3.6
Okt. 15, 2025 12:12:05 PM org.eclipse.lsp4j.jsonrpc.RemoteEndpoint handleCancellation
WARNING: Unmatched cancel notification for request id 2242
2025.10.15 12:12:05 INFO  no build target found for C:\Users\Niklas\Studium\Semester8\Web\minesweeper-web\app\controllers\HomeController.scala. Using presentation compiler with project's scala-library version: 3.3.6
2025.10.15 12:12:04 INFO  no build target found for C:\Users\Niklas\Studium\Semester8\Web\minesweeper-web\app\controllers\HomeController.scala. Using presentation compiler with project's scala-library version: 3.3.6
2025.10.15 12:12:04 INFO  no build target found for C:\Users\Niklas\Studium\Semester8\Web\minesweeper-web\app\controllers\HomeController.scala. Using presentation compiler with project's scala-library version: 3.3.6
2025.10.15 12:12:05 INFO  no build target found for C:\Users\Niklas\Studium\Semester8\Web\minesweeper-web\app\controllers\HomeController.scala. Using presentation compiler with project's scala-library version: 3.3.6
2025.10.15 12:12:06 INFO  no build target found for C:\Users\Niklas\Studium\Semester8\Web\minesweeper-web\app\controllers\HomeController.scala. Using presentation compiler with project's scala-library version: 3.3.6
2025.10.15 12:12:06 INFO  no build target found for C:\Users\Niklas\Studium\Semester8\Web\minesweeper-web\app\controllers\HomeController.scala. Using presentation compiler with project's scala-library version: 3.3.6
2025.10.15 12:12:06 INFO  no build target found for C:\Users\Niklas\Studium\Semester8\Web\minesweeper-web\app\controllers\HomeController.scala. Using presentation compiler with project's scala-library version: 3.3.6
2025.10.15 12:12:06 INFO  no build target found for C:\Users\Niklas\Studium\Semester8\Web\minesweeper-web\app\controllers\HomeController.scala. Using presentation compiler with project's scala-library version: 3.3.6
2025.10.15 12:12:06 INFO  no build target found for C:\Users\Niklas\Studium\Semester8\Web\minesweeper-web\app\controllers\HomeController.scala. Using presentation compiler with project's scala-library version: 3.3.6
2025.10.15 12:12:07 INFO  no build target found for C:\Users\Niklas\Studium\Semester8\Web\minesweeper-web\app\controllers\HomeController.scala. Using presentation compiler with project's scala-library version: 3.3.6
2025.10.15 12:12:07 INFO  no build target found for C:\Users\Niklas\Studium\Semester8\Web\minesweeper-web\app\controllers\HomeController.scala. Using presentation compiler with project's scala-library version: 3.3.6
2025.10.15 12:12:07 INFO  no build target found for C:\Users\Niklas\Studium\Semester8\Web\minesweeper-web\app\controllers\HomeController.scala. Using presentation compiler with project's scala-library version: 3.3.6
2025.10.15 12:12:08 INFO  no build target found for C:\Users\Niklas\Studium\Semester8\Web\minesweeper-web\app\controllers\HomeController.scala. Using presentation compiler with project's scala-library version: 3.3.6
2025.10.15 12:12:08 INFO  no build target found for C:\Users\Niklas\Studium\Semester8\Web\minesweeper-web\app\controllers\HomeController.scala. Using presentation compiler with project's scala-library version: 3.3.6
2025.10.15 12:12:08 INFO  no build target found for C:\Users\Niklas\Studium\Semester8\Web\minesweeper-web\app\controllers\HomeController.scala. Using presentation compiler with project's scala-library version: 3.3.6
2025.10.15 12:12:07 INFO  no build target found for C:\Users\Niklas\Studium\Semester8\Web\minesweeper-web\app\controllers\HomeController.scala. Using presentation compiler with project's scala-library version: 3.3.6
Okt. 15, 2025 12:12:08 PM org.eclipse.lsp4j.jsonrpc.RemoteEndpoint handleCancellation
WARNING: Unmatched cancel notification for request id 2268
2025.10.15 12:12:07 INFO  no build target found for C:\Users\Niklas\Studium\Semester8\Web\minesweeper-web\app\controllers\HomeController.scala. Using presentation compiler with project's scala-library version: 3.3.6
2025.10.15 12:12:08 INFO  no build target found for C:\Users\Niklas\Studium\Semester8\Web\minesweeper-web\app\controllers\HomeController.scala. Using presentation compiler with project's scala-library version: 3.3.6
2025.10.15 12:12:08 INFO  empty definition using pc, found symbol in pc: `<none>`. (full report at: "C:\Users\Niklas\Studium\Semester8\Web\minesweeper-web\.metals\.reports\metals-full\2025-10-15\r_empty-definition_10-50-04-061.md")
2025.10.15 12:12:08 INFO  no build target found for C:\Users\Niklas\Studium\Semester8\Web\minesweeper-web\app\controllers\HomeController.scala. Using presentation compiler with project's scala-library version: 3.3.6
2025.10.15 12:12:08 INFO  no build target found for C:\Users\Niklas\Studium\Semester8\Web\minesweeper-web\app\controllers\HomeController.scala. Using presentation compiler with project's scala-library version: 3.3.6
2025.10.15 12:12:08 INFO  no build target found for C:\Users\Niklas\Studium\Semester8\Web\minesweeper-web\app\controllers\HomeController.scala. Using presentation compiler with project's scala-library version: 3.3.6
2025.10.15 12:12:09 WARN  no build target for: C:\Users\Niklas\Studium\Semester8\Web\minesweeper-web\app\controllers\HomeController.scala
2025.10.15 12:12:09 INFO  no build target found for C:\Users\Niklas\Studium\Semester8\Web\minesweeper-web\app\controllers\HomeController.scala. Using presentation compiler with project's scala-library version: 3.3.6
2025.10.15 12:12:11 INFO  no build target found for C:\Users\Niklas\Studium\Semester8\Web\minesweeper-web\app\controllers\HomeController.scala. Using presentation compiler with project's scala-library version: 3.3.6
2025.10.15 12:12:11 INFO  no build target found for C:\Users\Niklas\Studium\Semester8\Web\minesweeper-web\app\controllers\HomeController.scala. Using presentation compiler with project's scala-library version: 3.3.6
2025.10.15 12:12:24 INFO  no build target found for C:\Users\Niklas\Studium\Semester8\Web\minesweeper-web\app\controllers\HomeController.scala. Using presentation compiler with project's scala-library version: 3.3.6
2025.10.15 12:12:24 INFO  no build target found for C:\Users\Niklas\Studium\Semester8\Web\minesweeper-web\app\controllers\HomeController.scala. Using presentation compiler with project's scala-library version: 3.3.6
2025.10.15 12:12:24 INFO  no build target found for C:\Users\Niklas\Studium\Semester8\Web\minesweeper-web\app\controllers\HomeController.scala. Using presentation compiler with project's scala-library version: 3.3.6
2025.10.15 12:12:26 INFO  no build target found for C:\Users\Niklas\Studium\Semester8\Web\minesweeper-web\app\controllers\HomeController.scala. Using presentation compiler with project's scala-library version: 3.3.6
2025.10.15 12:12:27 INFO  no build target found for C:\Users\Niklas\Studium\Semester8\Web\minesweeper-web\app\controllers\HomeController.scala. Using presentation compiler with project's scala-library version: 3.3.6
2025.10.15 12:12:27 INFO  no build target found for C:\Users\Niklas\Studium\Semester8\Web\minesweeper-web\app\controllers\HomeController.scala. Using presentation compiler with project's scala-library version: 3.3.6
2025.10.15 12:12:27 INFO  no build target found for C:\Users\Niklas\Studium\Semester8\Web\minesweeper-web\app\controllers\HomeController.scala. Using presentation compiler with project's scala-library version: 3.3.6
2025.10.15 12:12:27 INFO  no build target found for C:\Users\Niklas\Studium\Semester8\Web\minesweeper-web\app\controllers\HomeController.scala. Using presentation compiler with project's scala-library version: 3.3.6
2025.10.15 12:12:27 INFO  no build target found for C:\Users\Niklas\Studium\Semester8\Web\minesweeper-web\app\controllers\HomeController.scala. Using presentation compiler with project's scala-library version: 3.3.6
2025.10.15 12:12:28 INFO  no build target found for C:\Users\Niklas\Studium\Semester8\Web\minesweeper-web\app\controllers\HomeController.scala. Using presentation compiler with project's scala-library version: 3.3.6
2025.10.15 12:12:28 INFO  no build target found for C:\Users\Niklas\Studium\Semester8\Web\minesweeper-web\app\controllers\HomeController.scala. Using presentation compiler with project's scala-library version: 3.3.6
2025.10.15 12:12:28 INFO  no build target found for C:\Users\Niklas\Studium\Semester8\Web\minesweeper-web\app\controllers\HomeController.scala. Using presentation compiler with project's scala-library version: 3.3.6
2025.10.15 12:12:28 INFO  no build target found for C:\Users\Niklas\Studium\Semester8\Web\minesweeper-web\app\controllers\HomeController.scala. Using presentation compiler with project's scala-library version: 3.3.6
2025.10.15 12:12:28 INFO  no build target found for C:\Users\Niklas\Studium\Semester8\Web\minesweeper-web\app\controllers\HomeController.scala. Using presentation compiler with project's scala-library version: 3.3.6
2025.10.15 12:12:29 INFO  no build target found for C:\Users\Niklas\Studium\Semester8\Web\minesweeper-web\app\controllers\HomeController.scala. Using presentation compiler with project's scala-library version: 3.3.6
2025.10.15 12:12:29 WARN  no build target for: C:\Users\Niklas\Studium\Semester8\Web\minesweeper-web\app\controllers\HomeController.scala
2025.10.15 12:12:29 INFO  no build target found for C:\Users\Niklas\Studium\Semester8\Web\minesweeper-web\app\controllers\HomeController.scala. Using presentation compiler with project's scala-library version: 3.3.6
2025.10.15 12:13:31 INFO  no build target found for C:\Users\Niklas\Studium\Semester8\Web\minesweeper-web\app\controllers\HomeController.scala. Using presentation compiler with project's scala-library version: 3.3.6
2025.10.15 12:13:31 INFO  no build target found for C:\Users\Niklas\Studium\Semester8\Web\minesweeper-web\app\controllers\HomeController.scala. Using presentation compiler with project's scala-library version: 3.3.6
2025.10.15 12:13:32 INFO  no build target found for C:\Users\Niklas\Studium\Semester8\Web\minesweeper-web\app\controllers\HomeController.scala. Using presentation compiler with project's scala-library version: 3.3.6
2025.10.15 12:13:32 INFO  no build target found for C:\Users\Niklas\Studium\Semester8\Web\minesweeper-web\app\controllers\HomeController.scala. Using presentation compiler with project's scala-library version: 3.3.6
2025.10.15 12:13:32 INFO  no build target found for C:\Users\Niklas\Studium\Semester8\Web\minesweeper-web\app\controllers\HomeController.scala. Using presentation compiler with project's scala-library version: 3.3.6
2025.10.15 12:13:32 INFO  no build target found for C:\Users\Niklas\Studium\Semester8\Web\minesweeper-web\app\controllers\HomeController.scala. Using presentation compiler with project's scala-library version: 3.3.6
2025.10.15 12:13:32 INFO  no build target found for C:\Users\Niklas\Studium\Semester8\Web\minesweeper-web\app\controllers\HomeController.scala. Using presentation compiler with project's scala-library version: 3.3.6
2025.10.15 12:13:32 INFO  no build target found for C:\Users\Niklas\Studium\Semester8\Web\minesweeper-web\app\controllers\HomeController.scala. Using presentation compiler with project's scala-library version: 3.3.6
2025.10.15 12:13:32 INFO  no build target found for C:\Users\Niklas\Studium\Semester8\Web\minesweeper-web\app\controllers\HomeController.scala. Using presentation compiler with project's scala-library version: 3.3.6
2025.10.15 12:13:33 INFO  no build target found for C:\Users\Niklas\Studium\Semester8\Web\minesweeper-web\app\controllers\HomeController.scala. Using presentation compiler with project's scala-library version: 3.3.6
2025.10.15 12:13:33 INFO  no build target found for C:\Users\Niklas\Studium\Semester8\Web\minesweeper-web\app\controllers\HomeController.scala. Using presentation compiler with project's scala-library version: 3.3.6
2025.10.15 12:13:33 INFO  no build target found for C:\Users\Niklas\Studium\Semester8\Web\minesweeper-web\app\controllers\HomeController.scala. Using presentation compiler with project's scala-library version: 3.3.6
2025.10.15 12:13:33 INFO  no build target found for C:\Users\Niklas\Studium\Semester8\Web\minesweeper-web\app\controllers\HomeController.scala. Using presentation compiler with project's scala-library version: 3.3.6
2025.10.15 12:13:33 INFO  no build target found for C:\Users\Niklas\Studium\Semester8\Web\minesweeper-web\app\controllers\HomeController.scala. Using presentation compiler with project's scala-library version: 3.3.6
2025.10.15 12:13:33 INFO  no build target found for C:\Users\Niklas\Studium\Semester8\Web\minesweeper-web\app\controllers\HomeController.scala. Using presentation compiler with project's scala-library version: 3.3.6
2025.10.15 12:13:33 INFO  no build target found for C:\Users\Niklas\Studium\Semester8\Web\minesweeper-web\app\controllers\HomeController.scala. Using presentation compiler with project's scala-library version: 3.3.6
2025.10.15 12:13:33 INFO  no build target found for C:\Users\Niklas\Studium\Semester8\Web\minesweeper-web\app\controllers\HomeController.scala. Using presentation compiler with project's scala-library version: 3.3.6
2025.10.15 12:13:33 INFO  no build target found for C:\Users\Niklas\Studium\Semester8\Web\minesweeper-web\app\controllers\HomeController.scala. Using presentation compiler with project's scala-library version: 3.3.6
2025.10.15 12:13:34 INFO  no build target found for C:\Users\Niklas\Studium\Semester8\Web\minesweeper-web\app\controllers\HomeController.scala. Using presentation compiler with project's scala-library version: 3.3.6
2025.10.15 12:13:34 INFO  no build target found for C:\Users\Niklas\Studium\Semester8\Web\minesweeper-web\app\controllers\HomeController.scala. Using presentation compiler with project's scala-library version: 3.3.6
2025.10.15 12:13:34 INFO  no build target found for C:\Users\Niklas\Studium\Semester8\Web\minesweeper-web\app\controllers\HomeController.scala. Using presentation compiler with project's scala-library version: 3.3.6
2025.10.15 12:13:34 INFO  no build target found for C:\Users\Niklas\Studium\Semester8\Web\minesweeper-web\app\controllers\HomeController.scala. Using presentation compiler with project's scala-library version: 3.3.6
2025.10.15 12:13:35 INFO  no build target found for C:\Users\Niklas\Studium\Semester8\Web\minesweeper-web\app\controllers\HomeController.scala. Using presentation compiler with project's scala-library version: 3.3.6
2025.10.15 12:13:36 INFO  no build target found for C:\Users\Niklas\Studium\Semester8\Web\minesweeper-web\app\controllers\HomeController.scala. Using presentation compiler with project's scala-library version: 3.3.6
2025.10.15 12:13:36 WARN  no build target for: C:\Users\Niklas\Studium\Semester8\Web\minesweeper-web\app\controllers\HomeController.scala
2025.10.15 12:13:36 INFO  no build target found for C:\Users\Niklas\Studium\Semester8\Web\minesweeper-web\app\controllers\HomeController.scala. Using presentation compiler with project's scala-library version: 3.3.6
2025.10.15 12:13:36 INFO  no build target found for C:\Users\Niklas\Studium\Semester8\Web\minesweeper-web\app\controllers\HomeController.scala. Using presentation compiler with project's scala-library version: 3.3.6
2025.10.15 12:13:36 INFO  no build target found for C:\Users\Niklas\Studium\Semester8\Web\minesweeper-web\app\controllers\HomeController.scala. Using presentation compiler with project's scala-library version: 3.3.6
2025.10.15 12:13:36 INFO  no build target found for C:\Users\Niklas\Studium\Semester8\Web\minesweeper-web\app\controllers\HomeController.scala. Using presentation compiler with project's scala-library version: 3.3.6
2025.10.15 12:13:37 INFO  no build target found for C:\Users\Niklas\Studium\Semester8\Web\minesweeper-web\app\controllers\HomeController.scala. Using presentation compiler with project's scala-library version: 3.3.6
2025.10.15 12:13:37 INFO  empty definition using pc, found symbol in pc: `<none>`. (full report at: "C:\Users\Niklas\Studium\Semester8\Web\minesweeper-web\.metals\.reports\metals-full\2025-10-15\r_empty-definition_10-50-04-061.md")
2025.10.15 12:13:38 INFO  no build target found for C:\Users\Niklas\Studium\Semester8\Web\minesweeper-web\app\controllers\HomeController.scala. Using presentation compiler with project's scala-library version: 3.3.6
2025.10.15 12:13:38 INFO  no build target found for C:\Users\Niklas\Studium\Semester8\Web\minesweeper-web\app\controllers\HomeController.scala. Using presentation compiler with project's scala-library version: 3.3.6
2025.10.15 12:13:37 INFO  empty definition using pc, found symbol in pc: `<none>`. (full report at: "C:\Users\Niklas\Studium\Semester8\Web\minesweeper-web\.metals\.reports\metals-full\2025-10-15\r_empty-definition_10-50-04-061.md")
2025.10.15 12:13:38 INFO  no build target found for C:\Users\Niklas\Studium\Semester8\Web\minesweeper-web\app\controllers\HomeController.scala. Using presentation compiler with project's scala-library version: 3.3.6
2025.10.15 12:15:18 INFO  no build target found for C:\Users\Niklas\Studium\Semester8\Web\minesweeper-web\app\controllers\HomeController.scala. Using presentation compiler with project's scala-library version: 3.3.6
2025.10.15 12:15:18 INFO  no build target found for C:\Users\Niklas\Studium\Semester8\Web\minesweeper-web\app\controllers\HomeController.scala. Using presentation compiler with project's scala-library version: 3.3.6
2025.10.15 12:15:19 INFO  no build target found for C:\Users\Niklas\Studium\Semester8\Web\minesweeper-web\app\controllers\HomeController.scala. Using presentation compiler with project's scala-library version: 3.3.6
2025.10.15 12:15:20 INFO  no build target found for C:\Users\Niklas\Studium\Semester8\Web\minesweeper-web\app\controllers\HomeController.scala. Using presentation compiler with project's scala-library version: 3.3.6
2025.10.15 12:15:20 INFO  no build target found for C:\Users\Niklas\Studium\Semester8\Web\minesweeper-web\app\controllers\HomeController.scala. Using presentation compiler with project's scala-library version: 3.3.6
2025.10.15 12:15:20 INFO  no build target found for C:\Users\Niklas\Studium\Semester8\Web\minesweeper-web\app\controllers\HomeController.scala. Using presentation compiler with project's scala-library version: 3.3.6
2025.10.15 12:15:20 INFO  no build target found for C:\Users\Niklas\Studium\Semester8\Web\minesweeper-web\app\controllers\HomeController.scala. Using presentation compiler with project's scala-library version: 3.3.6
2025.10.15 12:15:22 INFO  no build target found for C:\Users\Niklas\Studium\Semester8\Web\minesweeper-web\app\controllers\HomeController.scala. Using presentation compiler with project's scala-library version: 3.3.6
2025.10.15 12:17:37 INFO  no build target found for C:\Users\Niklas\Studium\Semester8\Web\minesweeper-web\app\controllers\HomeController.scala. Using presentation compiler with project's scala-library version: 3.3.6
2025.10.15 12:17:39 INFO  no build target found for C:\Users\Niklas\Studium\Semester8\Web\minesweeper-web\app\controllers\HomeController.scala. Using presentation compiler with project's scala-library version: 3.3.6
2025.10.15 12:17:39 INFO  no build target found for C:\Users\Niklas\Studium\Semester8\Web\minesweeper-web\app\controllers\HomeController.scala. Using presentation compiler with project's scala-library version: 3.3.6
2025.10.15 12:17:48 INFO  no build target found for C:\Users\Niklas\Studium\Semester8\Web\minesweeper-web\app\controllers\HomeController.scala. Using presentation compiler with project's scala-library version: 3.3.6
2025.10.15 12:17:49 INFO  no build target found for C:\Users\Niklas\Studium\Semester8\Web\minesweeper-web\app\controllers\HomeController.scala. Using presentation compiler with project's scala-library version: 3.3.6
2025.10.15 12:17:49 INFO  no build target found for C:\Users\Niklas\Studium\Semester8\Web\minesweeper-web\app\controllers\HomeController.scala. Using presentation compiler with project's scala-library version: 3.3.6
2025.10.15 12:17:49 INFO  no build target found for C:\Users\Niklas\Studium\Semester8\Web\minesweeper-web\app\controllers\HomeController.scala. Using presentation compiler with project's scala-library version: 3.3.6
2025.10.15 12:17:49 INFO  no build target found for C:\Users\Niklas\Studium\Semester8\Web\minesweeper-web\app\controllers\HomeController.scala. Using presentation compiler with project's scala-library version: 3.3.6
2025.10.15 12:17:49 INFO  no build target found for C:\Users\Niklas\Studium\Semester8\Web\minesweeper-web\app\controllers\HomeController.scala. Using presentation compiler with project's scala-library version: 3.3.6
2025.10.15 12:17:49 INFO  no build target found for C:\Users\Niklas\Studium\Semester8\Web\minesweeper-web\app\controllers\HomeController.scala. Using presentation compiler with project's scala-library version: 3.3.6
2025.10.15 12:17:50 INFO  no build target found for C:\Users\Niklas\Studium\Semester8\Web\minesweeper-web\app\controllers\HomeController.scala. Using presentation compiler with project's scala-library version: 3.3.6
2025.10.15 12:17:52 INFO  no build target found for C:\Users\Niklas\Studium\Semester8\Web\minesweeper-web\app\controllers\HomeController.scala. Using presentation compiler with project's scala-library version: 3.3.6
2025.10.15 12:17:52 INFO  no build target found for C:\Users\Niklas\Studium\Semester8\Web\minesweeper-web\app\controllers\HomeController.scala. Using presentation compiler with project's scala-library version: 3.3.6
2025.10.15 12:17:53 INFO  no build target found for C:\Users\Niklas\Studium\Semester8\Web\minesweeper-web\app\controllers\HomeController.scala. Using presentation compiler with project's scala-library version: 3.3.6
2025.10.15 12:17:53 INFO  no build target found for C:\Users\Niklas\Studium\Semester8\Web\minesweeper-web\app\controllers\HomeController.scala. Using presentation compiler with project's scala-library version: 3.3.6
2025.10.15 12:17:53 INFO  no build target found for C:\Users\Niklas\Studium\Semester8\Web\minesweeper-web\app\controllers\HomeController.scala. Using presentation compiler with project's scala-library version: 3.3.6
2025.10.15 12:17:53 INFO  no build target found for C:\Users\Niklas\Studium\Semester8\Web\minesweeper-web\app\controllers\HomeController.scala. Using presentation compiler with project's scala-library version: 3.3.6
2025.10.15 12:17:54 INFO  no build target found for C:\Users\Niklas\Studium\Semester8\Web\minesweeper-web\app\controllers\HomeController.scala. Using presentation compiler with project's scala-library version: 3.3.6
2025.10.15 12:17:54 INFO  no build target found for C:\Users\Niklas\Studium\Semester8\Web\minesweeper-web\app\controllers\HomeController.scala. Using presentation compiler with project's scala-library version: 3.3.6
2025.10.15 12:17:54 WARN  no build target for: C:\Users\Niklas\Studium\Semester8\Web\minesweeper-web\app\controllers\HomeController.scala
2025.10.15 12:17:55 INFO  no build target found for C:\Users\Niklas\Studium\Semester8\Web\minesweeper-web\app\controllers\HomeController.scala. Using presentation compiler with project's scala-library version: 3.3.6
2025.10.15 12:17:55 INFO  no build target found for C:\Users\Niklas\Studium\Semester8\Web\minesweeper-web\app\controllers\HomeController.scala. Using presentation compiler with project's scala-library version: 3.3.6
2025.10.15 12:17:57 INFO  no build target found for C:\Users\Niklas\Studium\Semester8\Web\minesweeper-web\app\controllers\HomeController.scala. Using presentation compiler with project's scala-library version: 3.3.6
2025.10.15 12:20:01 WARN  no build target for: C:\Users\Niklas\Studium\Semester8\Web\minesweeper-web\app\controllers\HomeController.scala
2025.10.15 12:20:01 INFO  no build target found for C:\Users\Niklas\Studium\Semester8\Web\minesweeper-web\app\controllers\HomeController.scala. Using presentation compiler with project's scala-library version: 3.3.6
2025.10.15 12:20:01 INFO  no build target found for C:\Users\Niklas\Studium\Semester8\Web\minesweeper-web\app\controllers\HomeController.scala. Using presentation compiler with project's scala-library version: 3.3.6
2025.10.15 12:21:10 INFO  no build target found for C:\Users\Niklas\Studium\Semester8\Web\minesweeper-web\app\controllers\HomeController.scala. Using presentation compiler with project's scala-library version: 3.3.6
2025.10.15 12:21:14 INFO  no build target found for C:\Users\Niklas\Studium\Semester8\Web\minesweeper-web\app\controllers\HomeController.scala. Using presentation compiler with project's scala-library version: 3.3.6
2025.10.15 12:21:17 INFO  no build target found for C:\Users\Niklas\Studium\Semester8\Web\minesweeper-web\app\controllers\HomeController.scala. Using presentation compiler with project's scala-library version: 3.3.6
